"3U89712020-07-23 07:20:00	ÂõõÂ∑ùËà™Á©∫	3U8971	ÈáçÂ∫Ü	Ê±üÂåóÂõΩÈôÖÊú∫Âú∫	‰∏äÊµ∑	Êµ¶‰∏úÂõΩÈôÖÊú∫Âú∫	2020-07-23 07:20:00	2020-07-23 09:40:00	83%	670	1190"
"3U89712020-07-24 07:20:00	ÂõõÂ∑ùËà™Á©∫	3U8971	ÈáçÂ∫Ü	Ê±üÂåóÂõΩÈôÖÊú∫Âú∫	‰∏äÊµ∑	Êµ¶‰∏úÂõΩÈôÖÊú∫Âú∫	2020-07-24 07:20:00	2020-07-24 09:40:00	83%	670	1190"
"3U89712020-07-25 07:20:00	ÂõõÂ∑ùËà™Á©∫	3U8971	ÈáçÂ∫Ü	Ê±üÂåóÂõΩÈôÖÊú∫Âú∫	‰∏äÊµ∑	Êµ¶‰∏úÂõΩÈôÖÊú∫Âú∫	2020-07-25 07:20:00	2020-07-25 09:40:00	83%	370	930"
"3U89712020-07-26 07:20:00	ÂõõÂ∑ùËà™Á©∫	3U8971	ÈáçÂ∫Ü	Ê±üÂåóÂõΩÈôÖÊú∫Âú∫	‰∏äÊµ∑	Êµ¶‰∏úÂõΩÈôÖÊú∫Âú∫	2020-07-26 07:20:00	2020-07-26 09:40:00	83%	400	930"
"3U89712020-07-27 07:20:00	ÂõõÂ∑ùËà™Á©∫	3U8971	ÈáçÂ∫Ü	Ê±üÂåóÂõΩÈôÖÊú∫Âú∫	‰∏äÊµ∑	Êµ¶‰∏úÂõΩÈôÖÊú∫Âú∫	2020-07-27 07:20:00	2020-07-27 09:40:00	83%	400	930"
"3U89712020-07-28 07:20:00	ÂõõÂ∑ùËà™Á©∫	3U8971	ÈáçÂ∫Ü	Ê±üÂåóÂõΩÈôÖÊú∫Âú∫	‰∏äÊµ∑	Êµ¶‰∏úÂõΩÈôÖÊú∫Âú∫	2020-07-28 07:20:00	2020-07-28 09:40:00	83%	370	930"
"3U89712020-07-29 07:20:00	ÂõõÂ∑ùËà™Á©∫	3U8971	ÈáçÂ∫Ü	Ê±üÂåóÂõΩÈôÖÊú∫Âú∫	‰∏äÊµ∑	Êµ¶‰∏úÂõΩÈôÖÊú∫Âú∫	2020-07-29 07:20:00	2020-07-29 09:40:00	83%	400	930"
"3U89712020-07-30 07:20:00	ÂõõÂ∑ùËà™Á©∫	3U8971	ÈáçÂ∫Ü	Ê±üÂåóÂõΩÈôÖÊú∫Âú∫	‰∏äÊµ∑	Êµ¶‰∏úÂõΩÈôÖÊú∫Âú∫	2020-07-30 07:20:00	2020-07-30 09:40:00	83%	400	930"
"3U89732020-07-23 15:15:00	ÂõõÂ∑ùËà™Á©∫	3U8973	ÈáçÂ∫Ü	Ê±üÂåóÂõΩÈôÖÊú∫Âú∫	‰∏äÊµ∑	Êµ¶‰∏úÂõΩÈôÖÊú∫Âú∫	2020-07-23 15:15:00	2020-07-23 17:35:00	90%	790	1480"
"3U89732020-07-24 14:55:00	ÂõõÂ∑ùËà™Á©∫	3U8973	ÈáçÂ∫Ü	Ê±üÂåóÂõΩÈôÖÊú∫Âú∫	‰∏äÊµ∑	Êµ¶‰∏úÂõΩÈôÖÊú∫Âú∫	2020-07-24 14:55:00	2020-07-24 17:35:00	90%	790	1480"
"3U89732020-07-26 15:15:00	ÂõõÂ∑ùËà™Á©∫	3U8973	ÈáçÂ∫Ü	Ê±üÂåóÂõΩÈôÖÊú∫Âú∫	‰∏äÊµ∑	Êµ¶‰∏úÂõΩÈôÖÊú∫Âú∫	2020-07-26 15:15:00	2020-07-26 17:35:00	90%	1010	1760"
"3U89732020-07-27 14:55:00	ÂõõÂ∑ùËà™Á©∫	3U8973	ÈáçÂ∫Ü	Ê±üÂåóÂõΩÈôÖÊú∫Âú∫	‰∏äÊµ∑	Êµ¶‰∏úÂõΩÈôÖÊú∫Âú∫	2020-07-27 14:55:00	2020-07-27 17:35:00	90%	400	1120"
"3U89732020-07-28 14:55:00	ÂõõÂ∑ùËà™Á©∫	3U8973	ÈáçÂ∫Ü	Ê±üÂåóÂõΩÈôÖÊú∫Âú∫	‰∏äÊµ∑	Êµ¶‰∏úÂõΩÈôÖÊú∫Âú∫	2020-07-28 14:55:00	2020-07-28 17:35:00	90%	450	1120"
"3U89732020-07-29 15:15:00	ÂõõÂ∑ùËà™Á©∫	3U8973	ÈáçÂ∫Ü	Ê±üÂåóÂõΩÈôÖÊú∫Âú∫	‰∏äÊµ∑	Êµ¶‰∏úÂõΩÈôÖÊú∫Âú∫	2020-07-29 15:15:00	2020-07-29 17:35:00	90%	480	1120"
"3U89732020-07-30 15:15:00	ÂõõÂ∑ùËà™Á©∫	3U8973	ÈáçÂ∫Ü	Ê±üÂåóÂõΩÈôÖÊú∫Âú∫	‰∏äÊµ∑	Êµ¶‰∏úÂõΩÈôÖÊú∫Âú∫	2020-07-30 15:15:00	2020-07-30 17:35:00	90%	450	1120"
"9C61082020-07-23 19:40:00	Êò•ÁßãËà™Á©∫	9C6108	ÈáçÂ∫Ü	Ê±üÂåóÂõΩÈôÖÊú∫Âú∫	‰∏äÊµ∑	Êµ¶‰∏úÂõΩÈôÖÊú∫Âú∫	2020-07-23 19:40:00	2020-07-23 21:55:00		480	Êó†"
"9C61082020-07-25 19:40:00	Êò•ÁßãËà™Á©∫	9C6108	ÈáçÂ∫Ü	Ê±üÂåóÂõΩÈôÖÊú∫Âú∫	‰∏äÊµ∑	Êµ¶‰∏úÂõΩÈôÖÊú∫Âú∫	2020-07-25 19:40:00	2020-07-25 21:55:00		380	Êó†"
"9C61082020-07-28 19:40:00	Êò•ÁßãËà™Á©∫	9C6108	ÈáçÂ∫Ü	Ê±üÂåóÂõΩÈôÖÊú∫Âú∫	‰∏äÊµ∑	Êµ¶‰∏úÂõΩÈôÖÊú∫Âú∫	2020-07-28 19:40:00	2020-07-28 21:55:00		400	Êó†"
"9C61082020-07-30 19:40:00	Êò•ÁßãËà™Á©∫	9C6108	ÈáçÂ∫Ü	Ê±üÂåóÂõΩÈôÖÊú∫Âú∫	‰∏äÊµ∑	Êµ¶‰∏úÂõΩÈôÖÊú∫Âú∫	2020-07-30 19:40:00	2020-07-30 21:55:00		400	Êó†"
"9C61542020-07-23 22:10:00	Êò•ÁßãËà™Á©∫	9C6154	ÈáçÂ∫Ü	Ê±üÂåóÂõΩÈôÖÊú∫Âú∫	‰∏äÊµ∑	Êµ¶‰∏úÂõΩÈôÖÊú∫Âú∫	2020-07-23 22:10:00	2020-07-24 00:25:00	83%	430	Êó†"
"9C61542020-07-24 21:55:00	Êò•ÁßãËà™Á©∫	9C6154	ÈáçÂ∫Ü	Ê±üÂåóÂõΩÈôÖÊú∫Âú∫	‰∏äÊµ∑	Êµ¶‰∏úÂõΩÈôÖÊú∫Âú∫	2020-07-24 21:55:00	2020-07-25 00:25:00	83%	400	Êó†"
"9C61542020-07-25 22:10:00	Êò•ÁßãËà™Á©∫	9C6154	ÈáçÂ∫Ü	Ê±üÂåóÂõΩÈôÖÊú∫Âú∫	‰∏äÊµ∑	Êµ¶‰∏úÂõΩÈôÖÊú∫Âú∫	2020-07-25 22:10:00	2020-07-26 00:25:00	83%	380	Êó†"
"9C61542020-07-26 21:55:00	Êò•ÁßãËà™Á©∫	9C6154	ÈáçÂ∫Ü	Ê±üÂåóÂõΩÈôÖÊú∫Âú∫	‰∏äÊµ∑	Êµ¶‰∏úÂõΩÈôÖÊú∫Âú∫	2020-07-26 21:55:00	2020-07-27 00:25:00	83%	530	Êó†"
"9C61542020-07-27 21:55:00	Êò•ÁßãËà™Á©∫	9C6154	ÈáçÂ∫Ü	Ê±üÂåóÂõΩÈôÖÊú∫Âú∫	‰∏äÊµ∑	Êµ¶‰∏úÂõΩÈôÖÊú∫Âú∫	2020-07-27 21:55:00	2020-07-28 00:25:00	83%	380	Êó†"
"9C61542020-07-28 22:10:00	Êò•ÁßãËà™Á©∫	9C6154	ÈáçÂ∫Ü	Ê±üÂåóÂõΩÈôÖÊú∫Âú∫	‰∏äÊµ∑	Êµ¶‰∏úÂõΩÈôÖÊú∫Âú∫	2020-07-28 22:10:00	2020-07-29 00:25:00	83%	380	Êó†"
"9C61542020-07-29 21:55:00	Êò•ÁßãËà™Á©∫	9C6154	ÈáçÂ∫Ü	Ê±üÂåóÂõΩÈôÖÊú∫Âú∫	‰∏äÊµ∑	Êµ¶‰∏úÂõΩÈôÖÊú∫Âú∫	2020-07-29 21:55:00	2020-07-30 00:25:00	83%	380	Êó†"
"9C61542020-07-30 22:10:00	Êò•ÁßãËà™Á©∫	9C6154	ÈáçÂ∫Ü	Ê±üÂåóÂõΩÈôÖÊú∫Âú∫	‰∏äÊµ∑	Êµ¶‰∏úÂõΩÈôÖÊú∫Âú∫	2020-07-30 22:10:00	2020-07-31 00:25:00	83%	380	Êó†"
"9C88682020-07-24 17:30:00	Êò•ÁßãËà™Á©∫	9C8868	ÈáçÂ∫Ü	Ê±üÂåóÂõΩÈôÖÊú∫Âú∫	‰∏äÊµ∑	Êµ¶‰∏úÂõΩÈôÖÊú∫Âú∫	2020-07-24 17:30:00	2020-07-24 19:55:00	73%	530	Êó†"
"9C88682020-07-26 17:30:00	Êò•ÁßãËà™Á©∫	9C8868	ÈáçÂ∫Ü	Ê±üÂåóÂõΩÈôÖÊú∫Âú∫	‰∏äÊµ∑	Êµ¶‰∏úÂõΩÈôÖÊú∫Âú∫	2020-07-26 17:30:00	2020-07-26 19:55:00	73%	690	Êó†"
"9C88682020-07-27 17:30:00	Êò•ÁßãËà™Á©∫	9C8868	ÈáçÂ∫Ü	Ê±üÂåóÂõΩÈôÖÊú∫Âú∫	‰∏äÊµ∑	Êµ¶‰∏úÂõΩÈôÖÊú∫Âú∫	2020-07-27 17:30:00	2020-07-27 19:55:00	77%	430	Êó†"
"9C88682020-07-29 17:30:00	Êò•ÁßãËà™Á©∫	9C8868	ÈáçÂ∫Ü	Ê±üÂåóÂõΩÈôÖÊú∫Âú∫	‰∏äÊµ∑	Êµ¶‰∏úÂõΩÈôÖÊú∫Âú∫	2020-07-29 17:30:00	2020-07-29 19:55:00	73%	380	Êó†"
"9C88982020-07-23 11:20:00	Êò•ÁßãËà™Á©∫	9C8898	ÈáçÂ∫Ü	Ê±üÂåóÂõΩÈôÖÊú∫Âú∫	‰∏äÊµ∑	ËôπÊ°•ÂõΩÈôÖÊú∫Âú∫	2020-07-23 11:20:00	2020-07-23 13:50:00	87%	640	Êó†"
"9C88982020-07-24 11:20:00	Êò•ÁßãËà™Á©∫	9C8898	ÈáçÂ∫Ü	Ê±üÂåóÂõΩÈôÖÊú∫Âú∫	‰∏äÊµ∑	ËôπÊ°•ÂõΩÈôÖÊú∫Âú∫	2020-07-24 11:20:00	2020-07-24 13:50:00	87%	580	Êó†"
"9C88982020-07-25 11:20:00	Êò•ÁßãËà™Á©∫	9C8898	ÈáçÂ∫Ü	Ê±üÂåóÂõΩÈôÖÊú∫Âú∫	‰∏äÊµ∑	ËôπÊ°•ÂõΩÈôÖÊú∫Âú∫	2020-07-25 11:20:00	2020-07-25 13:50:00	87%	480	Êó†"
"9C88982020-07-26 11:20:00	Êò•ÁßãËà™Á©∫	9C8898	ÈáçÂ∫Ü	Ê±üÂåóÂõΩÈôÖÊú∫Âú∫	‰∏äÊµ∑	ËôπÊ°•ÂõΩÈôÖÊú∫Âú∫	2020-07-26 11:20:00	2020-07-26 13:50:00	87%	740	Êó†"
"9C88982020-07-27 11:20:00	Êò•ÁßãËà™Á©∫	9C8898	ÈáçÂ∫Ü	Ê±üÂåóÂõΩÈôÖÊú∫Âú∫	‰∏äÊµ∑	ËôπÊ°•ÂõΩÈôÖÊú∫Âú∫	2020-07-27 11:20:00	2020-07-27 13:50:00	87%	530	Êó†"
"9C88982020-07-28 11:20:00	Êò•ÁßãËà™Á©∫	9C8898	ÈáçÂ∫Ü	Ê±üÂåóÂõΩÈôÖÊú∫Âú∫	‰∏äÊµ∑	ËôπÊ°•ÂõΩÈôÖÊú∫Âú∫	2020-07-28 11:20:00	2020-07-28 13:50:00	86.67%	480	Êó†"
"9C88982020-07-29 11:20:00	Êò•ÁßãËà™Á©∫	9C8898	ÈáçÂ∫Ü	Ê±üÂåóÂõΩÈôÖÊú∫Âú∫	‰∏äÊµ∑	ËôπÊ°•ÂõΩÈôÖÊú∫Âú∫	2020-07-29 11:20:00	2020-07-29 13:50:00	86.67%	480	Êó†"
"9C88982020-07-30 11:20:00	Êò•ÁßãËà™Á©∫	9C8898	ÈáçÂ∫Ü	Ê±üÂåóÂõΩÈôÖÊú∫Âú∫	‰∏äÊµ∑	ËôπÊ°•ÂõΩÈôÖÊú∫Âú∫	2020-07-30 11:20:00	2020-07-30 13:50:00	87%	480	Êó†"
"9C89962020-07-23 20:30:00	Êò•ÁßãËà™Á©∫	9C8996	ÈáçÂ∫Ü	Ê±üÂåóÂõΩÈôÖÊú∫Âú∫	‰∏äÊµ∑	ËôπÊ°•ÂõΩÈôÖÊú∫Âú∫	2020-07-23 20:30:00	2020-07-23 22:55:00	79%	480	Êó†"
"9C89962020-07-24 20:30:00	Êò•ÁßãËà™Á©∫	9C8996	ÈáçÂ∫Ü	Ê±üÂåóÂõΩÈôÖÊú∫Âú∫	‰∏äÊµ∑	ËôπÊ°•ÂõΩÈôÖÊú∫Âú∫	2020-07-24 20:30:00	2020-07-24 22:55:00	79%	530	Êó†"
"9C89962020-07-25 20:30:00	Êò•ÁßãËà™Á©∫	9C8996	ÈáçÂ∫Ü	Ê±üÂåóÂõΩÈôÖÊú∫Âú∫	‰∏äÊµ∑	ËôπÊ°•ÂõΩÈôÖÊú∫Âú∫	2020-07-25 20:30:00	2020-07-25 22:55:00	83%	400	Êó†"
"9C89962020-07-26 20:30:00	Êò•ÁßãËà™Á©∫	9C8996	ÈáçÂ∫Ü	Ê±üÂåóÂõΩÈôÖÊú∫Âú∫	‰∏äÊµ∑	ËôπÊ°•ÂõΩÈôÖÊú∫Âú∫	2020-07-26 20:30:00	2020-07-26 22:55:00	79%	790	Êó†"
"9C89962020-07-27 20:30:00	Êò•ÁßãËà™Á©∫	9C8996	ÈáçÂ∫Ü	Ê±üÂåóÂõΩÈôÖÊú∫Âú∫	‰∏äÊµ∑	ËôπÊ°•ÂõΩÈôÖÊú∫Âú∫	2020-07-27 20:30:00	2020-07-27 22:55:00	79%	400	Êó†"
"9C89962020-07-28 20:30:00	Êò•ÁßãËà™Á©∫	9C8996	ÈáçÂ∫Ü	Ê±üÂåóÂõΩÈôÖÊú∫Âú∫	‰∏äÊµ∑	ËôπÊ°•ÂõΩÈôÖÊú∫Âú∫	2020-07-28 20:30:00	2020-07-28 22:55:00	79.31%	430	Êó†"
"9C89962020-07-29 20:30:00	Êò•ÁßãËà™Á©∫	9C8996	ÈáçÂ∫Ü	Ê±üÂåóÂõΩÈôÖÊú∫Âú∫	‰∏äÊµ∑	ËôπÊ°•ÂõΩÈôÖÊú∫Âú∫	2020-07-29 20:30:00	2020-07-29 22:55:00	79.31%	380	Êó†"
"9C89962020-07-30 20:30:00	Êò•ÁßãËà™Á©∫	9C8996	ÈáçÂ∫Ü	Ê±üÂåóÂõΩÈôÖÊú∫Âú∫	‰∏äÊµ∑	ËôπÊ°•ÂõΩÈôÖÊú∫Âú∫	2020-07-30 20:30:00	2020-07-30 22:55:00	79%	430	Êó†"
"CA45412020-07-23 17:40:00	‰∏≠ÂõΩÂõΩËà™	CA4541	ÈáçÂ∫Ü	Ê±üÂåóÂõΩÈôÖÊú∫Âú∫	‰∏äÊµ∑	ËôπÊ°•ÂõΩÈôÖÊú∫Âú∫	2020-07-23 17:40:00	2020-07-23 20:05:00	83%	930	1380"
"CA45412020-07-24 17:40:00	‰∏≠ÂõΩÂõΩËà™	CA4541	ÈáçÂ∫Ü	Ê±üÂåóÂõΩÈôÖÊú∫Âú∫	‰∏äÊµ∑	ËôπÊ°•ÂõΩÈôÖÊú∫Âú∫	2020-07-24 17:40:00	2020-07-24 20:05:00	83%	930	1380"
"CA45412020-07-25 17:40:00	‰∏≠ÂõΩÂõΩËà™	CA4541	ÈáçÂ∫Ü	Ê±üÂåóÂõΩÈôÖÊú∫Âú∫	‰∏äÊµ∑	ËôπÊ°•ÂõΩÈôÖÊú∫Âú∫	2020-07-25 17:40:00	2020-07-25 20:05:00	83%	550	1380"
"CA45412020-07-26 17:40:00	‰∏≠ÂõΩÂõΩËà™	CA4541	ÈáçÂ∫Ü	Ê±üÂåóÂõΩÈôÖÊú∫Âú∫	‰∏äÊµ∑	ËôπÊ°•ÂõΩÈôÖÊú∫Âú∫	2020-07-26 17:40:00	2020-07-26 20:05:00	83%	1850	Êó†"
"CA45412020-07-27 17:40:00	‰∏≠ÂõΩÂõΩËà™	CA4541	ÈáçÂ∫Ü	Ê±üÂåóÂõΩÈôÖÊú∫Âú∫	‰∏äÊµ∑	ËôπÊ°•ÂõΩÈôÖÊú∫Âú∫	2020-07-27 17:40:00	2020-07-27 20:05:00	83%	650	1380"
"CA45412020-07-28 17:40:00	‰∏≠ÂõΩÂõΩËà™	CA4541	ÈáçÂ∫Ü	Ê±üÂåóÂõΩÈôÖÊú∫Âú∫	‰∏äÊµ∑	ËôπÊ°•ÂõΩÈôÖÊú∫Âú∫	2020-07-28 17:40:00	2020-07-28 20:05:00	83.33%	650	1380"
"CA45412020-07-29 17:40:00	‰∏≠ÂõΩÂõΩËà™	CA4541	ÈáçÂ∫Ü	Ê±üÂåóÂõΩÈôÖÊú∫Âú∫	‰∏äÊµ∑	ËôπÊ°•ÂõΩÈôÖÊú∫Âú∫	2020-07-29 17:40:00	2020-07-29 20:05:00	83.33%	650	1380"
"CA45412020-07-30 17:40:00	‰∏≠ÂõΩÂõΩËà™	CA4541	ÈáçÂ∫Ü	Ê±üÂåóÂõΩÈôÖÊú∫Âú∫	‰∏äÊµ∑	ËôπÊ°•ÂõΩÈôÖÊú∫Âú∫	2020-07-30 17:40:00	2020-07-30 20:05:00	83%	730	1380"
"CA45432020-07-23 08:00:00	‰∏≠ÂõΩÂõΩËà™	CA4543	ÈáçÂ∫Ü	Ê±üÂåóÂõΩÈôÖÊú∫Âú∫	‰∏äÊµ∑	ËôπÊ°•ÂõΩÈôÖÊú∫Âú∫	2020-07-23 08:00:00	2020-07-23 10:30:00	90%	750	1380"
"CA45432020-07-24 07:55:00	‰∏≠ÂõΩÂõΩËà™	CA4543	ÈáçÂ∫Ü	Ê±üÂåóÂõΩÈôÖÊú∫Âú∫	‰∏äÊµ∑	ËôπÊ°•ÂõΩÈôÖÊú∫Âú∫	2020-07-24 07:55:00	2020-07-24 10:30:00	90%	750	1380"
"CA45432020-07-25 08:00:00	‰∏≠ÂõΩÂõΩËà™	CA4543	ÈáçÂ∫Ü	Ê±üÂåóÂõΩÈôÖÊú∫Âú∫	‰∏äÊµ∑	ËôπÊ°•ÂõΩÈôÖÊú∫Âú∫	2020-07-25 08:00:00	2020-07-25 10:30:00	90%	650	1380"
"CA45432020-07-26 08:00:00	‰∏≠ÂõΩÂõΩËà™	CA4543	ÈáçÂ∫Ü	Ê±üÂåóÂõΩÈôÖÊú∫Âú∫	‰∏äÊµ∑	ËôπÊ°•ÂõΩÈôÖÊú∫Âú∫	2020-07-26 08:00:00	2020-07-26 10:30:00	90%	650	1380"
"CA45432020-07-27 08:00:00	‰∏≠ÂõΩÂõΩËà™	CA4543	ÈáçÂ∫Ü	Ê±üÂåóÂõΩÈôÖÊú∫Âú∫	‰∏äÊµ∑	ËôπÊ°•ÂõΩÈôÖÊú∫Âú∫	2020-07-27 08:00:00	2020-07-27 10:30:00	90%	750	1380"
"CA45432020-07-28 08:00:00	‰∏≠ÂõΩÂõΩËà™	CA4543	ÈáçÂ∫Ü	Ê±üÂåóÂõΩÈôÖÊú∫Âú∫	‰∏äÊµ∑	ËôπÊ°•ÂõΩÈôÖÊú∫Âú∫	2020-07-28 08:00:00	2020-07-28 10:30:00	90.00%	530	1380"
"CA45432020-07-29 08:00:00	‰∏≠ÂõΩÂõΩËà™	CA4543	ÈáçÂ∫Ü	Ê±üÂåóÂõΩÈôÖÊú∫Âú∫	‰∏äÊµ∑	ËôπÊ°•ÂõΩÈôÖÊú∫Âú∫	2020-07-29 08:00:00	2020-07-29 10:30:00	90.00%	530	1380"
"CA45432020-07-30 08:00:00	‰∏≠ÂõΩÂõΩËà™	CA4543	ÈáçÂ∫Ü	Ê±üÂåóÂõΩÈôÖÊú∫Âú∫	‰∏äÊµ∑	ËôπÊ°•ÂõΩÈôÖÊú∫Âú∫	2020-07-30 08:00:00	2020-07-30 10:30:00	90%	650	1570"
"CA45552020-07-23 16:25:00	‰∏≠ÂõΩÂõΩËà™	CA4555	ÈáçÂ∫Ü	Ê±üÂåóÂõΩÈôÖÊú∫Âú∫	‰∏äÊµ∑	Êµ¶‰∏úÂõΩÈôÖÊú∫Âú∫	2020-07-23 16:25:00	2020-07-23 18:50:00	73%	790	1380"
"CA45552020-07-24 16:25:00	‰∏≠ÂõΩÂõΩËà™	CA4555	ÈáçÂ∫Ü	Ê±üÂåóÂõΩÈôÖÊú∫Âú∫	‰∏äÊµ∑	Êµ¶‰∏úÂõΩÈôÖÊú∫Âú∫	2020-07-24 16:25:00	2020-07-24 18:50:00	73%	790	1380"
"CA45552020-07-25 16:25:00	‰∏≠ÂõΩÂõΩËà™	CA4555	ÈáçÂ∫Ü	Ê±üÂåóÂõΩÈôÖÊú∫Âú∫	‰∏äÊµ∑	Êµ¶‰∏úÂõΩÈôÖÊú∫Âú∫	2020-07-25 16:25:00	2020-07-25 18:50:00	73%	530	1380"
"CA45552020-07-26 16:25:00	‰∏≠ÂõΩÂõΩËà™	CA4555	ÈáçÂ∫Ü	Ê±üÂåóÂõΩÈôÖÊú∫Âú∫	‰∏äÊµ∑	Êµ¶‰∏úÂõΩÈôÖÊú∫Âú∫	2020-07-26 16:25:00	2020-07-26 18:50:00	73%	1080	1570"
"CA45552020-07-27 16:25:00	‰∏≠ÂõΩÂõΩËà™	CA4555	ÈáçÂ∫Ü	Ê±üÂåóÂõΩÈôÖÊú∫Âú∫	‰∏äÊµ∑	Êµ¶‰∏úÂõΩÈôÖÊú∫Âú∫	2020-07-27 16:25:00	2020-07-27 18:50:00	73%	480	1380"
"CA45552020-07-28 16:25:00	‰∏≠ÂõΩÂõΩËà™	CA4555	ÈáçÂ∫Ü	Ê±üÂåóÂõΩÈôÖÊú∫Âú∫	‰∏äÊµ∑	Êµ¶‰∏úÂõΩÈôÖÊú∫Âú∫	2020-07-28 16:25:00	2020-07-28 18:50:00	73%	480	1380"
"CA45552020-07-29 16:25:00	‰∏≠ÂõΩÂõΩËà™	CA4555	ÈáçÂ∫Ü	Ê±üÂåóÂõΩÈôÖÊú∫Âú∫	‰∏äÊµ∑	Êµ¶‰∏úÂõΩÈôÖÊú∫Âú∫	2020-07-29 16:25:00	2020-07-29 18:50:00	73%	530	1380"
"CA45552020-07-30 16:25:00	‰∏≠ÂõΩÂõΩËà™	CA4555	ÈáçÂ∫Ü	Ê±üÂåóÂõΩÈôÖÊú∫Âú∫	‰∏äÊµ∑	Êµ¶‰∏úÂõΩÈôÖÊú∫Âú∫	2020-07-30 16:25:00	2020-07-30 18:50:00	73%	530	1570"
"CA45952020-07-23 09:10:00	‰∏≠ÂõΩÂõΩËà™	CA4595	ÈáçÂ∫Ü	Ê±üÂåóÂõΩÈôÖÊú∫Âú∫	‰∏äÊµ∑	ËôπÊ°•ÂõΩÈôÖÊú∫Âú∫	2020-07-23 09:10:00	2020-07-23 11:30:00	83%	820	1380"
"CA45952020-07-24 09:10:00	‰∏≠ÂõΩÂõΩËà™	CA4595	ÈáçÂ∫Ü	Ê±üÂåóÂõΩÈôÖÊú∫Âú∫	‰∏äÊµ∑	ËôπÊ°•ÂõΩÈôÖÊú∫Âú∫	2020-07-24 09:10:00	2020-07-24 11:30:00	83%	820	1380"
"CA45952020-07-25 09:10:00	‰∏≠ÂõΩÂõΩËà™	CA4595	ÈáçÂ∫Ü	Ê±üÂåóÂõΩÈôÖÊú∫Âú∫	‰∏äÊµ∑	ËôπÊ°•ÂõΩÈôÖÊú∫Âú∫	2020-07-25 09:10:00	2020-07-25 11:30:00	83%	650	1380"
"CA45952020-07-26 09:10:00	‰∏≠ÂõΩÂõΩËà™	CA4595	ÈáçÂ∫Ü	Ê±üÂåóÂõΩÈôÖÊú∫Âú∫	‰∏äÊµ∑	ËôπÊ°•ÂõΩÈôÖÊú∫Âú∫	2020-07-26 09:10:00	2020-07-26 11:30:00	83%	650	1380"
"CA45952020-07-27 09:10:00	‰∏≠ÂõΩÂõΩËà™	CA4595	ÈáçÂ∫Ü	Ê±üÂåóÂõΩÈôÖÊú∫Âú∫	‰∏äÊµ∑	ËôπÊ°•ÂõΩÈôÖÊú∫Âú∫	2020-07-27 09:10:00	2020-07-27 11:30:00	83%	650	1380"
"CA45952020-07-28 09:10:00	‰∏≠ÂõΩÂõΩËà™	CA4595	ÈáçÂ∫Ü	Ê±üÂåóÂõΩÈôÖÊú∫Âú∫	‰∏äÊµ∑	ËôπÊ°•ÂõΩÈôÖÊú∫Âú∫	2020-07-28 09:10:00	2020-07-28 11:30:00	96.67%	650	1380"
"CA45952020-07-29 09:10:00	‰∏≠ÂõΩÂõΩËà™	CA4595	ÈáçÂ∫Ü	Ê±üÂåóÂõΩÈôÖÊú∫Âú∫	‰∏äÊµ∑	ËôπÊ°•ÂõΩÈôÖÊú∫Âú∫	2020-07-29 09:10:00	2020-07-29 11:30:00	96.67%	550	1380"
"CA45952020-07-30 09:10:00	‰∏≠ÂõΩÂõΩËà™	CA4595	ÈáçÂ∫Ü	Ê±üÂåóÂõΩÈôÖÊú∫Âú∫	‰∏äÊµ∑	ËôπÊ°•ÂõΩÈôÖÊú∫Âú∫	2020-07-30 09:10:00	2020-07-30 11:30:00	83%	730	1380"
"CA47312020-07-23 18:10:00	‰∏≠ÂõΩÂõΩËà™	CA4731	ÈáçÂ∫Ü	Ê±üÂåóÂõΩÈôÖÊú∫Âú∫	‰∏äÊµ∑	ËôπÊ°•ÂõΩÈôÖÊú∫Âú∫	2020-07-23 18:10:00	2020-07-23 20:30:00	77%	820	Êó†"
"CA47312020-07-24 18:10:00	‰∏≠ÂõΩÂõΩËà™	CA4731	ÈáçÂ∫Ü	Ê±üÂåóÂõΩÈôÖÊú∫Âú∫	‰∏äÊµ∑	ËôπÊ°•ÂõΩÈôÖÊú∫Âú∫	2020-07-24 18:10:00	2020-07-24 20:30:00	77%	820	Êó†"
"CA47312020-07-25 18:10:00	‰∏≠ÂõΩÂõΩËà™	CA4731	ÈáçÂ∫Ü	Ê±üÂåóÂõΩÈôÖÊú∫Âú∫	‰∏äÊµ∑	ËôπÊ°•ÂõΩÈôÖÊú∫Âú∫	2020-07-25 18:10:00	2020-07-25 20:30:00	77%	730	Êó†"
"CA47312020-07-26 18:10:00	‰∏≠ÂõΩÂõΩËà™	CA4731	ÈáçÂ∫Ü	Ê±üÂåóÂõΩÈôÖÊú∫Âú∫	‰∏äÊµ∑	ËôπÊ°•ÂõΩÈôÖÊú∫Âú∫	2020-07-26 18:10:00	2020-07-26 20:30:00	77%	1570	Êó†"
"CA47312020-07-27 18:10:00	‰∏≠ÂõΩÂõΩËà™	CA4731	ÈáçÂ∫Ü	Ê±üÂåóÂõΩÈôÖÊú∫Âú∫	‰∏äÊµ∑	ËôπÊ°•ÂõΩÈôÖÊú∫Âú∫	2020-07-27 18:10:00	2020-07-27 20:30:00	77%	730	Êó†"
"CA47312020-07-28 18:10:00	‰∏≠ÂõΩÂõΩËà™	CA4731	ÈáçÂ∫Ü	Ê±üÂåóÂõΩÈôÖÊú∫Âú∫	‰∏äÊµ∑	ËôπÊ°•ÂõΩÈôÖÊú∫Âú∫	2020-07-28 18:10:00	2020-07-28 20:30:00	76.67%	730	Êó†"
"CA47312020-07-29 18:10:00	‰∏≠ÂõΩÂõΩËà™	CA4731	ÈáçÂ∫Ü	Ê±üÂåóÂõΩÈôÖÊú∫Âú∫	‰∏äÊµ∑	ËôπÊ°•ÂõΩÈôÖÊú∫Âú∫	2020-07-29 18:10:00	2020-07-29 20:30:00	76.67%	730	Êó†"
"CA47312020-07-30 18:10:00	‰∏≠ÂõΩÂõΩËà™	CA4731	ÈáçÂ∫Ü	Ê±üÂåóÂõΩÈôÖÊú∫Âú∫	‰∏äÊµ∑	ËôπÊ°•ÂõΩÈôÖÊú∫Âú∫	2020-07-30 18:10:00	2020-07-30 20:30:00	77%	820	Êó†"
"CA49492020-07-23 07:00:00	‰∏≠ÂõΩÂõΩËà™	CA4949	ÈáçÂ∫Ü	Ê±üÂåóÂõΩÈôÖÊú∫Âú∫	‰∏äÊµ∑	ËôπÊ°•ÂõΩÈôÖÊú∫Âú∫	2020-07-23 07:00:00	2020-07-23 09:25:00	100%	730	Êó†"
"CA49492020-07-24 07:00:00	‰∏≠ÂõΩÂõΩËà™	CA4949	ÈáçÂ∫Ü	Ê±üÂåóÂõΩÈôÖÊú∫Âú∫	‰∏äÊµ∑	ËôπÊ°•ÂõΩÈôÖÊú∫Âú∫	2020-07-24 07:00:00	2020-07-24 09:25:00	100%	730	Êó†"
"CA49492020-07-25 07:00:00	‰∏≠ÂõΩÂõΩËà™	CA4949	ÈáçÂ∫Ü	Ê±üÂåóÂõΩÈôÖÊú∫Âú∫	‰∏äÊµ∑	ËôπÊ°•ÂõΩÈôÖÊú∫Âú∫	2020-07-25 07:00:00	2020-07-25 09:25:00	100%	730	Êó†"
"CA49492020-07-26 07:00:00	‰∏≠ÂõΩÂõΩËà™	CA4949	ÈáçÂ∫Ü	Ê±üÂåóÂõΩÈôÖÊú∫Âú∫	‰∏äÊµ∑	ËôπÊ°•ÂõΩÈôÖÊú∫Âú∫	2020-07-26 07:00:00	2020-07-26 09:25:00	100%	730	Êó†"
"CA49492020-07-27 07:00:00	‰∏≠ÂõΩÂõΩËà™	CA4949	ÈáçÂ∫Ü	Ê±üÂåóÂõΩÈôÖÊú∫Âú∫	‰∏äÊµ∑	ËôπÊ°•ÂõΩÈôÖÊú∫Âú∫	2020-07-27 07:00:00	2020-07-27 09:25:00	100%	730	Êó†"
"CA49492020-07-28 07:00:00	‰∏≠ÂõΩÂõΩËà™	CA4949	ÈáçÂ∫Ü	Ê±üÂåóÂõΩÈôÖÊú∫Âú∫	‰∏äÊµ∑	ËôπÊ°•ÂõΩÈôÖÊú∫Âú∫	2020-07-28 07:00:00	2020-07-28 09:25:00	100.00%	730	Êó†"
"CA49492020-07-29 07:00:00	‰∏≠ÂõΩÂõΩËà™	CA4949	ÈáçÂ∫Ü	Ê±üÂåóÂõΩÈôÖÊú∫Âú∫	‰∏äÊµ∑	ËôπÊ°•ÂõΩÈôÖÊú∫Âú∫	2020-07-29 07:00:00	2020-07-29 09:25:00	100.00%	730	Êó†"
"CA49492020-07-30 07:00:00	‰∏≠ÂõΩÂõΩËà™	CA4949	ÈáçÂ∫Ü	Ê±üÂåóÂõΩÈôÖÊú∫Âú∫	‰∏äÊµ∑	ËôπÊ°•ÂõΩÈôÖÊú∫Âú∫	2020-07-30 07:00:00	2020-07-30 09:25:00	100%	820	Êó†"
"CZ28072020-07-23 08:20:00	ÂçóÊñπËà™Á©∫	CZ2807	ÈáçÂ∫Ü	Ê±üÂåóÂõΩÈôÖÊú∫Âú∫	‰∏äÊµ∑	Êµ¶‰∏úÂõΩÈôÖÊú∫Âú∫	2020-07-23 08:20:00	2020-07-23 10:50:00	83%	570	Êó†"
"CZ28072020-07-24 08:20:00	ÂçóÊñπËà™Á©∫	CZ2807	ÈáçÂ∫Ü	Ê±üÂåóÂõΩÈôÖÊú∫Âú∫	‰∏äÊµ∑	Êµ¶‰∏úÂõΩÈôÖÊú∫Âú∫	2020-07-24 08:20:00	2020-07-24 10:50:00	83%	670	Êó†"
"CZ28072020-07-25 08:20:00	ÂçóÊñπËà™Á©∫	CZ2807	ÈáçÂ∫Ü	Ê±üÂåóÂõΩÈôÖÊú∫Âú∫	‰∏äÊµ∑	Êµ¶‰∏úÂõΩÈôÖÊú∫Âú∫	2020-07-25 08:20:00	2020-07-25 10:50:00	83%	470	Êó†"
"CZ28072020-07-26 08:20:00	ÂçóÊñπËà™Á©∫	CZ2807	ÈáçÂ∫Ü	Ê±üÂåóÂõΩÈôÖÊú∫Âú∫	‰∏äÊµ∑	Êµ¶‰∏úÂõΩÈôÖÊú∫Âú∫	2020-07-26 08:20:00	2020-07-26 10:50:00	83%	470	Êó†"
"CZ28072020-07-27 08:20:00	ÂçóÊñπËà™Á©∫	CZ2807	ÈáçÂ∫Ü	Ê±üÂåóÂõΩÈôÖÊú∫Âú∫	‰∏äÊµ∑	Êµ¶‰∏úÂõΩÈôÖÊú∫Âú∫	2020-07-27 08:20:00	2020-07-27 10:50:00	83%	470	Êó†"
"CZ28072020-07-28 08:20:00	ÂçóÊñπËà™Á©∫	CZ2807	ÈáçÂ∫Ü	Ê±üÂåóÂõΩÈôÖÊú∫Âú∫	‰∏äÊµ∑	Êµ¶‰∏úÂõΩÈôÖÊú∫Âú∫	2020-07-28 08:20:00	2020-07-28 10:50:00	83%	370	Êó†"
"CZ28072020-07-29 08:20:00	ÂçóÊñπËà™Á©∫	CZ2807	ÈáçÂ∫Ü	Ê±üÂåóÂõΩÈôÖÊú∫Âú∫	‰∏äÊµ∑	Êµ¶‰∏úÂõΩÈôÖÊú∫Âú∫	2020-07-29 08:20:00	2020-07-29 10:50:00	83%	370	Êó†"
"CZ28072020-07-30 08:20:00	ÂçóÊñπËà™Á©∫	CZ2807	ÈáçÂ∫Ü	Ê±üÂåóÂõΩÈôÖÊú∫Âú∫	‰∏äÊµ∑	Êµ¶‰∏úÂõΩÈôÖÊú∫Âú∫	2020-07-30 08:20:00	2020-07-30 10:50:00	83%	470	Êó†"
"CZ28092020-07-23 16:00:00	ÂçóÊñπËà™Á©∫	CZ2809	ÈáçÂ∫Ü	Ê±üÂåóÂõΩÈôÖÊú∫Âú∫	‰∏äÊµ∑	Êµ¶‰∏úÂõΩÈôÖÊú∫Âú∫	2020-07-23 16:00:00	2020-07-23 18:15:00	67%	570	Êó†"
"CZ28092020-07-24 16:00:00	ÂçóÊñπËà™Á©∫	CZ2809	ÈáçÂ∫Ü	Ê±üÂåóÂõΩÈôÖÊú∫Âú∫	‰∏äÊµ∑	Êµ¶‰∏úÂõΩÈôÖÊú∫Âú∫	2020-07-24 16:00:00	2020-07-24 18:15:00	66.67%	760	Êó†"
"CZ28092020-07-25 15:55:00	ÂçóÊñπËà™Á©∫	CZ2809	ÈáçÂ∫Ü	Ê±üÂåóÂõΩÈôÖÊú∫Âú∫	‰∏äÊµ∑	Êµ¶‰∏úÂõΩÈôÖÊú∫Âú∫	2020-07-25 15:55:00	2020-07-25 18:15:00	66.67%	470	Êó†"
"CZ28092020-07-26 15:55:00	ÂçóÊñπËà™Á©∫	CZ2809	ÈáçÂ∫Ü	Ê±üÂåóÂõΩÈôÖÊú∫Âú∫	‰∏äÊµ∑	Êµ¶‰∏úÂõΩÈôÖÊú∫Âú∫	2020-07-26 15:55:00	2020-07-26 18:15:00	66.67%	820	Êó†"
"CZ28092020-07-27 16:00:00	ÂçóÊñπËà™Á©∫	CZ2809	ÈáçÂ∫Ü	Ê±üÂåóÂõΩÈôÖÊú∫Âú∫	‰∏äÊµ∑	Êµ¶‰∏úÂõΩÈôÖÊú∫Âú∫	2020-07-27 16:00:00	2020-07-27 18:15:00	66.67%	470	Êó†"
"CZ28092020-07-28 16:00:00	ÂçóÊñπËà™Á©∫	CZ2809	ÈáçÂ∫Ü	Ê±üÂåóÂõΩÈôÖÊú∫Âú∫	‰∏äÊµ∑	Êµ¶‰∏úÂõΩÈôÖÊú∫Âú∫	2020-07-28 16:00:00	2020-07-28 18:15:00	66.67%	470	Êó†"
"CZ28092020-07-29 15:55:00	ÂçóÊñπËà™Á©∫	CZ2809	ÈáçÂ∫Ü	Ê±üÂåóÂõΩÈôÖÊú∫Âú∫	‰∏äÊµ∑	Êµ¶‰∏úÂõΩÈôÖÊú∫Âú∫	2020-07-29 15:55:00	2020-07-29 18:15:00	66.67%	470	Êó†"
"CZ28092020-07-30 16:00:00	ÂçóÊñπËà™Á©∫	CZ2809	ÈáçÂ∫Ü	Ê±üÂåóÂõΩÈôÖÊú∫Âú∫	‰∏äÊµ∑	Êµ¶‰∏úÂõΩÈôÖÊú∫Âú∫	2020-07-30 16:00:00	2020-07-30 18:15:00	66.67%	470	Êó†"
"CZ59072020-07-23 12:00:00	ÂçóÊñπËà™Á©∫	CZ5907	ÈáçÂ∫Ü	Ê±üÂåóÂõΩÈôÖÊú∫Âú∫	‰∏äÊµ∑	ËôπÊ°•ÂõΩÈôÖÊú∫Âú∫	2020-07-23 12:00:00	2020-07-23 14:30:00	93%	1010	Êó†"
"CZ59072020-07-24 12:00:00	ÂçóÊñπËà™Á©∫	CZ5907	ÈáçÂ∫Ü	Ê±üÂåóÂõΩÈôÖÊú∫Âú∫	‰∏äÊµ∑	ËôπÊ°•ÂõΩÈôÖÊú∫Âú∫	2020-07-24 12:00:00	2020-07-24 14:30:00	93%	1010	Êó†"
"CZ59072020-07-25 12:00:00	ÂçóÊñπËà™Á©∫	CZ5907	ÈáçÂ∫Ü	Ê±üÂåóÂõΩÈôÖÊú∫Âú∫	‰∏äÊµ∑	ËôπÊ°•ÂõΩÈôÖÊú∫Âú∫	2020-07-25 12:00:00	2020-07-25 14:30:00	93%	1010	Êó†"
"CZ59072020-07-26 12:00:00	ÂçóÊñπËà™Á©∫	CZ5907	ÈáçÂ∫Ü	Ê±üÂåóÂõΩÈôÖÊú∫Âú∫	‰∏äÊµ∑	ËôπÊ°•ÂõΩÈôÖÊú∫Âú∫	2020-07-26 12:00:00	2020-07-26 14:30:00	93%	1010	Êó†"
"CZ59072020-07-27 12:00:00	ÂçóÊñπËà™Á©∫	CZ5907	ÈáçÂ∫Ü	Ê±üÂåóÂõΩÈôÖÊú∫Âú∫	‰∏äÊµ∑	ËôπÊ°•ÂõΩÈôÖÊú∫Âú∫	2020-07-27 12:00:00	2020-07-27 14:30:00	93%	1010	Êó†"
"CZ59072020-07-28 12:00:00	ÂçóÊñπËà™Á©∫	CZ5907	ÈáçÂ∫Ü	Ê±üÂåóÂõΩÈôÖÊú∫Âú∫	‰∏äÊµ∑	ËôπÊ°•ÂõΩÈôÖÊú∫Âú∫	2020-07-28 12:00:00	2020-07-28 14:30:00	93.33%	1010	Êó†"
"CZ59072020-07-29 12:00:00	ÂçóÊñπËà™Á©∫	CZ5907	ÈáçÂ∫Ü	Ê±üÂåóÂõΩÈôÖÊú∫Âú∫	‰∏äÊµ∑	ËôπÊ°•ÂõΩÈôÖÊú∫Âú∫	2020-07-29 12:00:00	2020-07-29 14:30:00	93.33%	1010	Êó†"
"CZ59072020-07-30 12:00:00	ÂçóÊñπËà™Á©∫	CZ5907	ÈáçÂ∫Ü	Ê±üÂåóÂõΩÈôÖÊú∫Âú∫	‰∏äÊµ∑	ËôπÊ°•ÂõΩÈôÖÊú∫Âú∫	2020-07-30 12:00:00	2020-07-30 14:30:00	93%	1010	Êó†"
"CZ96832020-07-23 07:20:00	ÂçóÊñπËà™Á©∫	CZ9683	ÈáçÂ∫Ü	Ê±üÂåóÂõΩÈôÖÊú∫Âú∫	‰∏äÊµ∑	Êµ¶‰∏úÂõΩÈôÖÊú∫Âú∫	2020-07-23 07:20:00	2020-07-23 09:40:00	83%	920	Êó†"
"CZ96832020-07-24 07:20:00	ÂçóÊñπËà™Á©∫	CZ9683	ÈáçÂ∫Ü	Ê±üÂåóÂõΩÈôÖÊú∫Âú∫	‰∏äÊµ∑	Êµ¶‰∏úÂõΩÈôÖÊú∫Âú∫	2020-07-24 07:20:00	2020-07-24 09:40:00	83%	920	Êó†"
"CZ96832020-07-25 07:20:00	ÂçóÊñπËà™Á©∫	CZ9683	ÈáçÂ∫Ü	Ê±üÂåóÂõΩÈôÖÊú∫Âú∫	‰∏äÊµ∑	Êµ¶‰∏úÂõΩÈôÖÊú∫Âú∫	2020-07-25 07:20:00	2020-07-25 09:40:00	83%	920	Êó†"
"CZ96832020-07-26 07:20:00	ÂçóÊñπËà™Á©∫	CZ9683	ÈáçÂ∫Ü	Ê±üÂåóÂõΩÈôÖÊú∫Âú∫	‰∏äÊµ∑	Êµ¶‰∏úÂõΩÈôÖÊú∫Âú∫	2020-07-26 07:20:00	2020-07-26 09:40:00	83%	920	Êó†"
"CZ96832020-07-27 07:20:00	ÂçóÊñπËà™Á©∫	CZ9683	ÈáçÂ∫Ü	Ê±üÂåóÂõΩÈôÖÊú∫Âú∫	‰∏äÊµ∑	Êµ¶‰∏úÂõΩÈôÖÊú∫Âú∫	2020-07-27 07:20:00	2020-07-27 09:40:00	83%	920	Êó†"
"CZ96832020-07-28 07:20:00	ÂçóÊñπËà™Á©∫	CZ9683	ÈáçÂ∫Ü	Ê±üÂåóÂõΩÈôÖÊú∫Âú∫	‰∏äÊµ∑	Êµ¶‰∏úÂõΩÈôÖÊú∫Âú∫	2020-07-28 07:20:00	2020-07-28 09:40:00	83%	920	Êó†"
"CZ96832020-07-29 07:20:00	ÂçóÊñπËà™Á©∫	CZ9683	ÈáçÂ∫Ü	Ê±üÂåóÂõΩÈôÖÊú∫Âú∫	‰∏äÊµ∑	Êµ¶‰∏úÂõΩÈôÖÊú∫Âú∫	2020-07-29 07:20:00	2020-07-29 09:40:00	83%	920	Êó†"
"CZ96832020-07-30 07:20:00	ÂçóÊñπËà™Á©∫	CZ9683	ÈáçÂ∫Ü	Ê±üÂåóÂõΩÈôÖÊú∫Âú∫	‰∏äÊµ∑	Êµ¶‰∏úÂõΩÈôÖÊú∫Âú∫	2020-07-30 07:20:00	2020-07-30 09:40:00	83%	920	Êó†"
"CZ96852020-07-23 15:15:00	ÂçóÊñπËà™Á©∫	CZ9685	ÈáçÂ∫Ü	Ê±üÂåóÂõΩÈôÖÊú∫Âú∫	‰∏äÊµ∑	Êµ¶‰∏úÂõΩÈôÖÊú∫Âú∫	2020-07-23 15:15:00	2020-07-23 17:35:00	90%	920	Êó†"
"CZ96852020-07-24 14:55:00	ÂçóÊñπËà™Á©∫	CZ9685	ÈáçÂ∫Ü	Ê±üÂåóÂõΩÈôÖÊú∫Âú∫	‰∏äÊµ∑	Êµ¶‰∏úÂõΩÈôÖÊú∫Âú∫	2020-07-24 14:55:00	2020-07-24 17:35:00	90%	920	Êó†"
"CZ96852020-07-26 15:15:00	ÂçóÊñπËà™Á©∫	CZ9685	ÈáçÂ∫Ü	Ê±üÂåóÂõΩÈôÖÊú∫Âú∫	‰∏äÊµ∑	Êµ¶‰∏úÂõΩÈôÖÊú∫Âú∫	2020-07-26 15:15:00	2020-07-26 17:35:00	90%	1010	Êó†"
"CZ96852020-07-27 14:55:00	ÂçóÊñπËà™Á©∫	CZ9685	ÈáçÂ∫Ü	Ê±üÂåóÂõΩÈôÖÊú∫Âú∫	‰∏äÊµ∑	Êµ¶‰∏úÂõΩÈôÖÊú∫Âú∫	2020-07-27 14:55:00	2020-07-27 17:35:00	90%	920	Êó†"
"CZ96852020-07-28 14:55:00	ÂçóÊñπËà™Á©∫	CZ9685	ÈáçÂ∫Ü	Ê±üÂåóÂõΩÈôÖÊú∫Âú∫	‰∏äÊµ∑	Êµ¶‰∏úÂõΩÈôÖÊú∫Âú∫	2020-07-28 14:55:00	2020-07-28 17:35:00	90%	920	Êó†"
"CZ96852020-07-29 15:15:00	ÂçóÊñπËà™Á©∫	CZ9685	ÈáçÂ∫Ü	Ê±üÂåóÂõΩÈôÖÊú∫Âú∫	‰∏äÊµ∑	Êµ¶‰∏úÂõΩÈôÖÊú∫Âú∫	2020-07-29 15:15:00	2020-07-29 17:35:00	90%	920	Êó†"
"CZ96852020-07-30 15:15:00	ÂçóÊñπËà™Á©∫	CZ9685	ÈáçÂ∫Ü	Ê±üÂåóÂõΩÈôÖÊú∫Âú∫	‰∏äÊµ∑	Êµ¶‰∏úÂõΩÈôÖÊú∫Âú∫	2020-07-30 15:15:00	2020-07-30 17:35:00	90%	920	Êó†"
"EU70812020-07-23 15:15:00	ÊàêÈÉΩËà™Á©∫	EU7081	ÈáçÂ∫Ü	Ê±üÂåóÂõΩÈôÖÊú∫Âú∫	‰∏äÊµ∑	Êµ¶‰∏úÂõΩÈôÖÊú∫Âú∫	2020-07-23 15:15:00	2020-07-23 17:35:00	90%	1010	Êó†"
"EU70812020-07-24 14:55:00	ÊàêÈÉΩËà™Á©∫	EU7081	ÈáçÂ∫Ü	Ê±üÂåóÂõΩÈôÖÊú∫Âú∫	‰∏äÊµ∑	Êµ¶‰∏úÂõΩÈôÖÊú∫Âú∫	2020-07-24 14:55:00	2020-07-24 17:35:00	90%	1010	Êó†"
"EU70812020-07-26 15:15:00	ÊàêÈÉΩËà™Á©∫	EU7081	ÈáçÂ∫Ü	Ê±üÂåóÂõΩÈôÖÊú∫Âú∫	‰∏äÊµ∑	Êµ¶‰∏úÂõΩÈôÖÊú∫Âú∫	2020-07-26 15:15:00	2020-07-26 17:35:00	90%	1010	Êó†"
"EU70812020-07-27 14:55:00	ÊàêÈÉΩËà™Á©∫	EU7081	ÈáçÂ∫Ü	Ê±üÂåóÂõΩÈôÖÊú∫Âú∫	‰∏äÊµ∑	Êµ¶‰∏úÂõΩÈôÖÊú∫Âú∫	2020-07-27 14:55:00	2020-07-27 17:35:00	90%	1010	Êó†"
"EU70812020-07-28 14:55:00	ÊàêÈÉΩËà™Á©∫	EU7081	ÈáçÂ∫Ü	Ê±üÂåóÂõΩÈôÖÊú∫Âú∫	‰∏äÊµ∑	Êµ¶‰∏úÂõΩÈôÖÊú∫Âú∫	2020-07-28 14:55:00	2020-07-28 17:35:00	90%	1010	Êó†"
"EU70812020-07-29 15:15:00	ÊàêÈÉΩËà™Á©∫	EU7081	ÈáçÂ∫Ü	Ê±üÂåóÂõΩÈôÖÊú∫Âú∫	‰∏äÊµ∑	Êµ¶‰∏úÂõΩÈôÖÊú∫Âú∫	2020-07-29 15:15:00	2020-07-29 17:35:00	90%	1010	Êó†"
"EU70812020-07-30 15:15:00	ÊàêÈÉΩËà™Á©∫	EU7081	ÈáçÂ∫Ü	Ê±üÂåóÂõΩÈôÖÊú∫Âú∫	‰∏äÊµ∑	Êµ¶‰∏úÂõΩÈôÖÊú∫Âú∫	2020-07-30 15:15:00	2020-07-30 17:35:00	90%	1200	Êó†"
"FM94222020-07-23 11:55:00	‰∏äÊµ∑Ëà™Á©∫	FM9422	ÈáçÂ∫Ü	Ê±üÂåóÂõΩÈôÖÊú∫Âú∫	‰∏äÊµ∑	ËôπÊ°•ÂõΩÈôÖÊú∫Âú∫	2020-07-23 11:55:00	2020-07-23 14:25:00	77%	950	5610"
"FM94222020-07-24 11:55:00	‰∏äÊµ∑Ëà™Á©∫	FM9422	ÈáçÂ∫Ü	Ê±üÂåóÂõΩÈôÖÊú∫Âú∫	‰∏äÊµ∑	ËôπÊ°•ÂõΩÈôÖÊú∫Âú∫	2020-07-24 11:55:00	2020-07-24 14:25:00	77%	950	5610"
"FM94222020-07-25 11:55:00	‰∏äÊµ∑Ëà™Á©∫	FM9422	ÈáçÂ∫Ü	Ê±üÂåóÂõΩÈôÖÊú∫Âú∫	‰∏äÊµ∑	ËôπÊ°•ÂõΩÈôÖÊú∫Âú∫	2020-07-25 11:55:00	2020-07-25 14:25:00	77%	820	Êó†"
"FM94222020-07-26 11:55:00	‰∏äÊµ∑Ëà™Á©∫	FM9422	ÈáçÂ∫Ü	Ê±üÂåóÂõΩÈôÖÊú∫Âú∫	‰∏äÊµ∑	ËôπÊ°•ÂõΩÈôÖÊú∫Âú∫	2020-07-26 11:55:00	2020-07-26 14:25:00	77%	920	Êó†"
"FM94222020-07-27 11:55:00	‰∏äÊµ∑Ëà™Á©∫	FM9422	ÈáçÂ∫Ü	Ê±üÂåóÂõΩÈôÖÊú∫Âú∫	‰∏äÊµ∑	ËôπÊ°•ÂõΩÈôÖÊú∫Âú∫	2020-07-27 11:55:00	2020-07-27 14:25:00	77%	650	5610"
"FM94222020-07-28 11:55:00	‰∏äÊµ∑Ëà™Á©∫	FM9422	ÈáçÂ∫Ü	Ê±üÂåóÂõΩÈôÖÊú∫Âú∫	‰∏äÊµ∑	ËôπÊ°•ÂõΩÈôÖÊú∫Âú∫	2020-07-28 11:55:00	2020-07-28 14:25:00	76.67%	530	Êó†"
"FM94222020-07-29 11:55:00	‰∏äÊµ∑Ëà™Á©∫	FM9422	ÈáçÂ∫Ü	Ê±üÂåóÂõΩÈôÖÊú∫Âú∫	‰∏äÊµ∑	ËôπÊ°•ÂõΩÈôÖÊú∫Âú∫	2020-07-29 11:55:00	2020-07-29 14:25:00	76.67%	530	Êó†"
"FM94222020-07-30 11:55:00	‰∏äÊµ∑Ëà™Á©∫	FM9422	ÈáçÂ∫Ü	Ê±üÂåóÂõΩÈôÖÊú∫Âú∫	‰∏äÊµ∑	ËôπÊ°•ÂõΩÈôÖÊú∫Âú∫	2020-07-30 11:55:00	2020-07-30 14:25:00	77%	700	5610"
"FM94242020-07-23 20:25:00	‰∏äÊµ∑Ëà™Á©∫	FM9424	ÈáçÂ∫Ü	Ê±üÂåóÂõΩÈôÖÊú∫Âú∫	‰∏äÊµ∑	ËôπÊ°•ÂõΩÈôÖÊú∫Âú∫	2020-07-23 20:25:00	2020-07-23 22:45:00	72%	800	Êó†"
"FM94242020-07-24 20:25:00	‰∏äÊµ∑Ëà™Á©∫	FM9424	ÈáçÂ∫Ü	Ê±üÂåóÂõΩÈôÖÊú∫Âú∫	‰∏äÊµ∑	ËôπÊ°•ÂõΩÈôÖÊú∫Âú∫	2020-07-24 20:25:00	2020-07-24 22:45:00	72%	800	Êó†"
"FM94242020-07-25 20:25:00	‰∏äÊµ∑Ëà™Á©∫	FM9424	ÈáçÂ∫Ü	Ê±üÂåóÂõΩÈôÖÊú∫Âú∫	‰∏äÊµ∑	ËôπÊ°•ÂõΩÈôÖÊú∫Âú∫	2020-07-25 20:25:00	2020-07-25 22:45:00	72%	460	Êó†"
"FM94242020-07-26 20:25:00	‰∏äÊµ∑Ëà™Á©∫	FM9424	ÈáçÂ∫Ü	Ê±üÂåóÂõΩÈôÖÊú∫Âú∫	‰∏äÊµ∑	ËôπÊ°•ÂõΩÈôÖÊú∫Âú∫	2020-07-26 20:25:00	2020-07-26 22:45:00	72%	1760	Êó†"
"FM94242020-07-27 20:25:00	‰∏äÊµ∑Ëà™Á©∫	FM9424	ÈáçÂ∫Ü	Ê±üÂåóÂõΩÈôÖÊú∫Âú∫	‰∏äÊµ∑	ËôπÊ°•ÂõΩÈôÖÊú∫Âú∫	2020-07-27 20:25:00	2020-07-27 22:45:00	72%	460	Êó†"
"FM94242020-07-28 20:25:00	‰∏äÊµ∑Ëà™Á©∫	FM9424	ÈáçÂ∫Ü	Ê±üÂåóÂõΩÈôÖÊú∫Âú∫	‰∏äÊµ∑	ËôπÊ°•ÂõΩÈôÖÊú∫Âú∫	2020-07-28 20:25:00	2020-07-28 22:45:00	72.41%	460	Êó†"
"FM94242020-07-29 20:25:00	‰∏äÊµ∑Ëà™Á©∫	FM9424	ÈáçÂ∫Ü	Ê±üÂåóÂõΩÈôÖÊú∫Âú∫	‰∏äÊµ∑	ËôπÊ°•ÂõΩÈôÖÊú∫Âú∫	2020-07-29 20:25:00	2020-07-29 22:45:00	72.41%	460	Êó†"
"FM94242020-07-30 20:25:00	‰∏äÊµ∑Ëà™Á©∫	FM9424	ÈáçÂ∫Ü	Ê±üÂåóÂõΩÈôÖÊú∫Âú∫	‰∏äÊµ∑	ËôπÊ°•ÂõΩÈôÖÊú∫Âú∫	2020-07-30 20:25:00	2020-07-30 22:45:00	72%	700	Êó†"
"FM94262020-07-23 16:25:00	‰∏äÊµ∑Ëà™Á©∫	FM9426	ÈáçÂ∫Ü	Ê±üÂåóÂõΩÈôÖÊú∫Âú∫	‰∏äÊµ∑	ËôπÊ°•ÂõΩÈôÖÊú∫Âú∫	2020-07-23 16:25:00	2020-07-23 19:00:00	77%	820	Êó†"
"FM94262020-07-24 16:25:00	‰∏äÊµ∑Ëà™Á©∫	FM9426	ÈáçÂ∫Ü	Ê±üÂåóÂõΩÈôÖÊú∫Âú∫	‰∏äÊµ∑	ËôπÊ°•ÂõΩÈôÖÊú∫Âú∫	2020-07-24 16:25:00	2020-07-24 19:00:00	77%	930	Êó†"
"FM94262020-07-25 16:25:00	‰∏äÊµ∑Ëà™Á©∫	FM9426	ÈáçÂ∫Ü	Ê±üÂåóÂõΩÈôÖÊú∫Âú∫	‰∏äÊµ∑	ËôπÊ°•ÂõΩÈôÖÊú∫Âú∫	2020-07-25 16:25:00	2020-07-25 19:00:00	77%	650	Êó†"
"FM94262020-07-26 16:25:00	‰∏äÊµ∑Ëà™Á©∫	FM9426	ÈáçÂ∫Ü	Ê±üÂåóÂõΩÈôÖÊú∫Âú∫	‰∏äÊµ∑	ËôπÊ°•ÂõΩÈôÖÊú∫Âú∫	2020-07-26 16:25:00	2020-07-26 19:00:00	77%	2430	Êó†"
"FM94262020-07-27 16:25:00	‰∏äÊµ∑Ëà™Á©∫	FM9426	ÈáçÂ∫Ü	Ê±üÂåóÂõΩÈôÖÊú∫Âú∫	‰∏äÊµ∑	ËôπÊ°•ÂõΩÈôÖÊú∫Âú∫	2020-07-27 16:25:00	2020-07-27 19:00:00	77%	530	Êó†"
"FM94262020-07-28 16:25:00	‰∏äÊµ∑Ëà™Á©∫	FM9426	ÈáçÂ∫Ü	Ê±üÂåóÂõΩÈôÖÊú∫Âú∫	‰∏äÊµ∑	ËôπÊ°•ÂõΩÈôÖÊú∫Âú∫	2020-07-28 16:25:00	2020-07-28 19:00:00	76.67%	530	Êó†"
"FM94262020-07-29 16:25:00	‰∏äÊµ∑Ëà™Á©∫	FM9426	ÈáçÂ∫Ü	Ê±üÂåóÂõΩÈôÖÊú∫Âú∫	‰∏äÊµ∑	ËôπÊ°•ÂõΩÈôÖÊú∫Âú∫	2020-07-29 16:25:00	2020-07-29 19:00:00	76.67%	530	Êó†"
"FM94262020-07-30 16:25:00	‰∏äÊµ∑Ëà™Á©∫	FM9426	ÈáçÂ∫Ü	Ê±üÂåóÂõΩÈôÖÊú∫Âú∫	‰∏äÊµ∑	ËôπÊ°•ÂõΩÈôÖÊú∫Âú∫	2020-07-30 16:25:00	2020-07-30 19:00:00	77%	700	Êó†"
"FM94322020-07-23 15:20:00	‰∏äÊµ∑Ëà™Á©∫	FM9432	ÈáçÂ∫Ü	Ê±üÂåóÂõΩÈôÖÊú∫Âú∫	‰∏äÊµ∑	ËôπÊ°•ÂõΩÈôÖÊú∫Âú∫	2020-07-23 15:20:00	2020-07-23 18:00:00	73.33%	950	Êó†"
"FM94322020-07-24 15:20:00	‰∏äÊµ∑Ëà™Á©∫	FM9432	ÈáçÂ∫Ü	Ê±üÂåóÂõΩÈôÖÊú∫Âú∫	‰∏äÊµ∑	ËôπÊ°•ÂõΩÈôÖÊú∫Âú∫	2020-07-24 15:20:00	2020-07-24 18:00:00	73.33%	950	Êó†"
"FM94322020-07-25 15:20:00	‰∏äÊµ∑Ëà™Á©∫	FM9432	ÈáçÂ∫Ü	Ê±üÂåóÂõΩÈôÖÊú∫Âú∫	‰∏äÊµ∑	ËôπÊ°•ÂõΩÈôÖÊú∫Âú∫	2020-07-25 15:20:00	2020-07-25 18:00:00	73.33%	650	Êó†"
"FM94322020-07-26 15:20:00	‰∏äÊµ∑Ëà™Á©∫	FM9432	ÈáçÂ∫Ü	Ê±üÂåóÂõΩÈôÖÊú∫Âú∫	‰∏äÊµ∑	ËôπÊ°•ÂõΩÈôÖÊú∫Âú∫	2020-07-26 15:20:00	2020-07-26 18:00:00	73.33%	2430	Êó†"
"FM94322020-07-27 15:20:00	‰∏äÊµ∑Ëà™Á©∫	FM9432	ÈáçÂ∫Ü	Ê±üÂåóÂõΩÈôÖÊú∫Âú∫	‰∏äÊµ∑	ËôπÊ°•ÂõΩÈôÖÊú∫Âú∫	2020-07-27 15:20:00	2020-07-27 18:00:00	73.33%	650	Êó†"
"FM94322020-07-28 15:20:00	‰∏äÊµ∑Ëà™Á©∫	FM9432	ÈáçÂ∫Ü	Ê±üÂåóÂõΩÈôÖÊú∫Âú∫	‰∏äÊµ∑	ËôπÊ°•ÂõΩÈôÖÊú∫Âú∫	2020-07-28 15:20:00	2020-07-28 18:00:00	73.33%	650	Êó†"
"FM94322020-07-29 15:20:00	‰∏äÊµ∑Ëà™Á©∫	FM9432	ÈáçÂ∫Ü	Ê±üÂåóÂõΩÈôÖÊú∫Âú∫	‰∏äÊµ∑	ËôπÊ°•ÂõΩÈôÖÊú∫Âú∫	2020-07-29 15:20:00	2020-07-29 18:00:00	73.33%	650	Êó†"
"FM94322020-07-30 15:20:00	‰∏äÊµ∑Ëà™Á©∫	FM9432	ÈáçÂ∫Ü	Ê±üÂåóÂõΩÈôÖÊú∫Âú∫	‰∏äÊµ∑	ËôπÊ°•ÂõΩÈôÖÊú∫Âú∫	2020-07-30 15:20:00	2020-07-30 18:00:00	73.33%	650	Êó†"
"G580972020-07-23 08:00:00	ÂçéÂ§èËà™Á©∫	G58097	ÈáçÂ∫Ü	Ê±üÂåóÂõΩÈôÖÊú∫Âú∫	‰∏äÊµ∑	ËôπÊ°•ÂõΩÈôÖÊú∫Âú∫	2020-07-23 08:00:00	2020-07-23 10:30:00	90%	820	Êó†"
"G580972020-07-24 07:55:00	ÂçéÂ§èËà™Á©∫	G58097	ÈáçÂ∫Ü	Ê±üÂåóÂõΩÈôÖÊú∫Âú∫	‰∏äÊµ∑	ËôπÊ°•ÂõΩÈôÖÊú∫Âú∫	2020-07-24 07:55:00	2020-07-24 10:30:00	90%	820	Êó†"
"G580972020-07-25 08:00:00	ÂçéÂ§èËà™Á©∫	G58097	ÈáçÂ∫Ü	Ê±üÂåóÂõΩÈôÖÊú∫Âú∫	‰∏äÊµ∑	ËôπÊ°•ÂõΩÈôÖÊú∫Âú∫	2020-07-25 08:00:00	2020-07-25 10:30:00	90%	730	Êó†"
"G580972020-07-26 08:00:00	ÂçéÂ§èËà™Á©∫	G58097	ÈáçÂ∫Ü	Ê±üÂåóÂõΩÈôÖÊú∫Âú∫	‰∏äÊµ∑	ËôπÊ°•ÂõΩÈôÖÊú∫Âú∫	2020-07-26 08:00:00	2020-07-26 10:30:00	90%	730	Êó†"
"G580972020-07-27 08:00:00	ÂçéÂ§èËà™Á©∫	G58097	ÈáçÂ∫Ü	Ê±üÂåóÂõΩÈôÖÊú∫Âú∫	‰∏äÊµ∑	ËôπÊ°•ÂõΩÈôÖÊú∫Âú∫	2020-07-27 08:00:00	2020-07-27 10:30:00	90%	820	Êó†"
"G580972020-07-28 08:00:00	ÂçéÂ§èËà™Á©∫	G58097	ÈáçÂ∫Ü	Ê±üÂåóÂõΩÈôÖÊú∫Âú∫	‰∏äÊµ∑	ËôπÊ°•ÂõΩÈôÖÊú∫Âú∫	2020-07-28 08:00:00	2020-07-28 10:30:00	90.00%	730	Êó†"
"G580972020-07-29 08:00:00	ÂçéÂ§èËà™Á©∫	G58097	ÈáçÂ∫Ü	Ê±üÂåóÂõΩÈôÖÊú∫Âú∫	‰∏äÊµ∑	ËôπÊ°•ÂõΩÈôÖÊú∫Âú∫	2020-07-29 08:00:00	2020-07-29 10:30:00	90.00%	730	Êó†"
"G580972020-07-30 08:00:00	ÂçéÂ§èËà™Á©∫	G58097	ÈáçÂ∫Ü	Ê±üÂåóÂõΩÈôÖÊú∫Âú∫	‰∏äÊµ∑	ËôπÊ°•ÂõΩÈôÖÊú∫Âú∫	2020-07-30 08:00:00	2020-07-30 10:30:00	90%	820	Êó†"
"G581052020-07-23 16:25:00	ÂçéÂ§èËà™Á©∫	G58105	ÈáçÂ∫Ü	Ê±üÂåóÂõΩÈôÖÊú∫Âú∫	‰∏äÊµ∑	Êµ¶‰∏úÂõΩÈôÖÊú∫Âú∫	2020-07-23 16:25:00	2020-07-23 18:50:00	73%	1010	Êó†"
"G581052020-07-24 16:25:00	ÂçéÂ§èËà™Á©∫	G58105	ÈáçÂ∫Ü	Ê±üÂåóÂõΩÈôÖÊú∫Âú∫	‰∏äÊµ∑	Êµ¶‰∏úÂõΩÈôÖÊú∫Âú∫	2020-07-24 16:25:00	2020-07-24 18:50:00	73%	1010	Êó†"
"G581052020-07-25 16:25:00	ÂçéÂ§èËà™Á©∫	G58105	ÈáçÂ∫Ü	Ê±üÂåóÂõΩÈôÖÊú∫Âú∫	‰∏äÊµ∑	Êµ¶‰∏úÂõΩÈôÖÊú∫Âú∫	2020-07-25 16:25:00	2020-07-25 18:50:00	73%	920	Êó†"
"G581052020-07-26 16:25:00	ÂçéÂ§èËà™Á©∫	G58105	ÈáçÂ∫Ü	Ê±üÂåóÂõΩÈôÖÊú∫Âú∫	‰∏äÊµ∑	Êµ¶‰∏úÂõΩÈôÖÊú∫Âú∫	2020-07-26 16:25:00	2020-07-26 18:50:00	73%	1200	Êó†"
"G581052020-07-27 16:25:00	ÂçéÂ§èËà™Á©∫	G58105	ÈáçÂ∫Ü	Ê±üÂåóÂõΩÈôÖÊú∫Âú∫	‰∏äÊµ∑	Êµ¶‰∏úÂõΩÈôÖÊú∫Âú∫	2020-07-27 16:25:00	2020-07-27 18:50:00	73%	920	Êó†"
"G581052020-07-28 16:25:00	ÂçéÂ§èËà™Á©∫	G58105	ÈáçÂ∫Ü	Ê±üÂåóÂõΩÈôÖÊú∫Âú∫	‰∏äÊµ∑	Êµ¶‰∏úÂõΩÈôÖÊú∫Âú∫	2020-07-28 16:25:00	2020-07-28 18:50:00	73%	920	Êó†"
"G581052020-07-29 16:25:00	ÂçéÂ§èËà™Á©∫	G58105	ÈáçÂ∫Ü	Ê±üÂåóÂõΩÈôÖÊú∫Âú∫	‰∏äÊµ∑	Êµ¶‰∏úÂõΩÈôÖÊú∫Âú∫	2020-07-29 16:25:00	2020-07-29 18:50:00	73%	920	Êó†"
"G581052020-07-30 16:25:00	ÂçéÂ§èËà™Á©∫	G58105	ÈáçÂ∫Ü	Ê±üÂåóÂõΩÈôÖÊú∫Âú∫	‰∏äÊµ∑	Êµ¶‰∏úÂõΩÈôÖÊú∫Âú∫	2020-07-30 16:25:00	2020-07-30 18:50:00	73%	1010	Êó†"
"G581712020-07-23 17:40:00	ÂçéÂ§èËà™Á©∫	G58171	ÈáçÂ∫Ü	Ê±üÂåóÂõΩÈôÖÊú∫Âú∫	‰∏äÊµ∑	ËôπÊ°•ÂõΩÈôÖÊú∫Âú∫	2020-07-23 17:40:00	2020-07-23 20:05:00	83%	1200	Êó†"
"G581712020-07-24 17:40:00	ÂçéÂ§èËà™Á©∫	G58171	ÈáçÂ∫Ü	Ê±üÂåóÂõΩÈôÖÊú∫Âú∫	‰∏äÊµ∑	ËôπÊ°•ÂõΩÈôÖÊú∫Âú∫	2020-07-24 17:40:00	2020-07-24 20:05:00	83%	1200	Êó†"
"G581712020-07-25 17:40:00	ÂçéÂ§èËà™Á©∫	G58171	ÈáçÂ∫Ü	Ê±üÂåóÂõΩÈôÖÊú∫Âú∫	‰∏äÊµ∑	ËôπÊ°•ÂõΩÈôÖÊú∫Âú∫	2020-07-25 17:40:00	2020-07-25 20:05:00	83%	730	Êó†"
"G581712020-07-26 17:40:00	ÂçéÂ§èËà™Á©∫	G58171	ÈáçÂ∫Ü	Ê±üÂåóÂõΩÈôÖÊú∫Âú∫	‰∏äÊµ∑	ËôπÊ°•ÂõΩÈôÖÊú∫Âú∫	2020-07-26 17:40:00	2020-07-26 20:05:00	83%	1870	Êó†"
"G581712020-07-27 17:40:00	ÂçéÂ§èËà™Á©∫	G58171	ÈáçÂ∫Ü	Ê±üÂåóÂõΩÈôÖÊú∫Âú∫	‰∏äÊµ∑	ËôπÊ°•ÂõΩÈôÖÊú∫Âú∫	2020-07-27 17:40:00	2020-07-27 20:05:00	83%	730	Êó†"
"G581712020-07-28 17:40:00	ÂçéÂ§èËà™Á©∫	G58171	ÈáçÂ∫Ü	Ê±üÂåóÂõΩÈôÖÊú∫Âú∫	‰∏äÊµ∑	ËôπÊ°•ÂõΩÈôÖÊú∫Âú∫	2020-07-28 17:40:00	2020-07-28 20:05:00	83.33%	730	Êó†"
"G581712020-07-29 17:40:00	ÂçéÂ§èËà™Á©∫	G58171	ÈáçÂ∫Ü	Ê±üÂåóÂõΩÈôÖÊú∫Âú∫	‰∏äÊµ∑	ËôπÊ°•ÂõΩÈôÖÊú∫Âú∫	2020-07-29 17:40:00	2020-07-29 20:05:00	83.33%	730	Êó†"
"G581712020-07-30 17:40:00	ÂçéÂ§èËà™Á©∫	G58171	ÈáçÂ∫Ü	Ê±üÂåóÂõΩÈôÖÊú∫Âú∫	‰∏äÊµ∑	ËôπÊ°•ÂõΩÈôÖÊú∫Âú∫	2020-07-30 17:40:00	2020-07-30 20:05:00	83%	820	Êó†"
"G586532020-07-23 15:15:00	ÂçéÂ§èËà™Á©∫	G58653	ÈáçÂ∫Ü	Ê±üÂåóÂõΩÈôÖÊú∫Âú∫	‰∏äÊµ∑	Êµ¶‰∏úÂõΩÈôÖÊú∫Âú∫	2020-07-23 15:15:00	2020-07-23 17:35:00	90%	920	Êó†"
"G586532020-07-24 14:55:00	ÂçéÂ§èËà™Á©∫	G58653	ÈáçÂ∫Ü	Ê±üÂåóÂõΩÈôÖÊú∫Âú∫	‰∏äÊµ∑	Êµ¶‰∏úÂõΩÈôÖÊú∫Âú∫	2020-07-24 14:55:00	2020-07-24 17:35:00	90%	920	Êó†"
"G586532020-07-26 15:15:00	ÂçéÂ§èËà™Á©∫	G58653	ÈáçÂ∫Ü	Ê±üÂåóÂõΩÈôÖÊú∫Âú∫	‰∏äÊµ∑	Êµ¶‰∏úÂõΩÈôÖÊú∫Âú∫	2020-07-26 15:15:00	2020-07-26 17:35:00	90%	1010	Êó†"
"G586532020-07-27 14:55:00	ÂçéÂ§èËà™Á©∫	G58653	ÈáçÂ∫Ü	Ê±üÂåóÂõΩÈôÖÊú∫Âú∫	‰∏äÊµ∑	Êµ¶‰∏úÂõΩÈôÖÊú∫Âú∫	2020-07-27 14:55:00	2020-07-27 17:35:00	90%	920	Êó†"
"G586532020-07-28 14:55:00	ÂçéÂ§èËà™Á©∫	G58653	ÈáçÂ∫Ü	Ê±üÂåóÂõΩÈôÖÊú∫Âú∫	‰∏äÊµ∑	Êµ¶‰∏úÂõΩÈôÖÊú∫Âú∫	2020-07-28 14:55:00	2020-07-28 17:35:00	90%	920	Êó†"
"G586532020-07-29 15:15:00	ÂçéÂ§èËà™Á©∫	G58653	ÈáçÂ∫Ü	Ê±üÂåóÂõΩÈôÖÊú∫Âú∫	‰∏äÊµ∑	Êµ¶‰∏úÂõΩÈôÖÊú∫Âú∫	2020-07-29 15:15:00	2020-07-29 17:35:00	90%	920	Êó†"
"G586532020-07-30 15:15:00	ÂçéÂ§èËà™Á©∫	G58653	ÈáçÂ∫Ü	Ê±üÂåóÂõΩÈôÖÊú∫Âú∫	‰∏äÊµ∑	Êµ¶‰∏úÂõΩÈôÖÊú∫Âú∫	2020-07-30 15:15:00	2020-07-30 17:35:00	90%	1010	Êó†"
"G586672020-07-23 07:20:00	ÂçéÂ§èËà™Á©∫	G58667	ÈáçÂ∫Ü	Ê±üÂåóÂõΩÈôÖÊú∫Âú∫	‰∏äÊµ∑	Êµ¶‰∏úÂõΩÈôÖÊú∫Âú∫	2020-07-23 07:20:00	2020-07-23 09:40:00	83%	920	Êó†"
"G586672020-07-24 07:20:00	ÂçéÂ§èËà™Á©∫	G58667	ÈáçÂ∫Ü	Ê±üÂåóÂõΩÈôÖÊú∫Âú∫	‰∏äÊµ∑	Êµ¶‰∏úÂõΩÈôÖÊú∫Âú∫	2020-07-24 07:20:00	2020-07-24 09:40:00	83%	920	Êó†"
"G586672020-07-25 07:20:00	ÂçéÂ§èËà™Á©∫	G58667	ÈáçÂ∫Ü	Ê±üÂåóÂõΩÈôÖÊú∫Âú∫	‰∏äÊµ∑	Êµ¶‰∏úÂõΩÈôÖÊú∫Âú∫	2020-07-25 07:20:00	2020-07-25 09:40:00	83%	920	Êó†"
"G586672020-07-26 07:20:00	ÂçéÂ§èËà™Á©∫	G58667	ÈáçÂ∫Ü	Ê±üÂåóÂõΩÈôÖÊú∫Âú∫	‰∏äÊµ∑	Êµ¶‰∏úÂõΩÈôÖÊú∫Âú∫	2020-07-26 07:20:00	2020-07-26 09:40:00	83%	920	Êó†"
"G586672020-07-27 07:20:00	ÂçéÂ§èËà™Á©∫	G58667	ÈáçÂ∫Ü	Ê±üÂåóÂõΩÈôÖÊú∫Âú∫	‰∏äÊµ∑	Êµ¶‰∏úÂõΩÈôÖÊú∫Âú∫	2020-07-27 07:20:00	2020-07-27 09:40:00	83%	920	Êó†"
"G586672020-07-28 07:20:00	ÂçéÂ§èËà™Á©∫	G58667	ÈáçÂ∫Ü	Ê±üÂåóÂõΩÈôÖÊú∫Âú∫	‰∏äÊµ∑	Êµ¶‰∏úÂõΩÈôÖÊú∫Âú∫	2020-07-28 07:20:00	2020-07-28 09:40:00	83%	920	Êó†"
"G586672020-07-29 07:20:00	ÂçéÂ§èËà™Á©∫	G58667	ÈáçÂ∫Ü	Ê±üÂåóÂõΩÈôÖÊú∫Âú∫	‰∏äÊµ∑	Êµ¶‰∏úÂõΩÈôÖÊú∫Âú∫	2020-07-29 07:20:00	2020-07-29 09:40:00	83%	920	Êó†"
"G586672020-07-30 07:20:00	ÂçéÂ§èËà™Á©∫	G58667	ÈáçÂ∫Ü	Ê±üÂåóÂõΩÈôÖÊú∫Âú∫	‰∏äÊµ∑	Êµ¶‰∏úÂõΩÈôÖÊú∫Âú∫	2020-07-30 07:20:00	2020-07-30 09:40:00	83%	1010	Êó†"
"HO10042020-07-23 15:20:00	ÂêâÁ••Ëà™Á©∫	HO1004	ÈáçÂ∫Ü	Ê±üÂåóÂõΩÈôÖÊú∫Âú∫	‰∏äÊµ∑	Êµ¶‰∏úÂõΩÈôÖÊú∫Âú∫	2020-07-23 15:20:00	2020-07-23 17:35:00		670	1310"
"HO10042020-07-27 15:20:00	ÂêâÁ••Ëà™Á©∫	HO1004	ÈáçÂ∫Ü	Ê±üÂåóÂõΩÈôÖÊú∫Âú∫	‰∏äÊµ∑	Êµ¶‰∏úÂõΩÈôÖÊú∫Âú∫	2020-07-27 15:20:00	2020-07-27 17:35:00		500	1220"
"HO10042020-07-29 15:20:00	ÂêâÁ••Ëà™Á©∫	HO1004	ÈáçÂ∫Ü	Ê±üÂåóÂõΩÈôÖÊú∫Âú∫	‰∏äÊµ∑	Êµ¶‰∏úÂõΩÈôÖÊú∫Âú∫	2020-07-29 15:20:00	2020-07-29 17:35:00		500	1220"
"HO10042020-07-30 15:20:00	ÂêâÁ••Ëà™Á©∫	HO1004	ÈáçÂ∫Ü	Ê±üÂåóÂõΩÈôÖÊú∫Âú∫	‰∏äÊµ∑	Êµ¶‰∏úÂõΩÈôÖÊú∫Âú∫	2020-07-30 15:20:00	2020-07-30 17:35:00		500	1220"
"HO10542020-07-23 11:25:00	ÂêâÁ••Ëà™Á©∫	HO1054	ÈáçÂ∫Ü	Ê±üÂåóÂõΩÈôÖÊú∫Âú∫	‰∏äÊµ∑	ËôπÊ°•ÂõΩÈôÖÊú∫Âú∫	2020-07-23 11:25:00	2020-07-23 14:00:00	77%	820	1400"
"HO10542020-07-24 11:25:00	ÂêâÁ••Ëà™Á©∫	HO1054	ÈáçÂ∫Ü	Ê±üÂåóÂõΩÈôÖÊú∫Âú∫	‰∏äÊµ∑	ËôπÊ°•ÂõΩÈôÖÊú∫Âú∫	2020-07-24 11:25:00	2020-07-24 14:00:00	77%	940	1400"
"HO10542020-07-25 11:25:00	ÂêâÁ••Ëà™Á©∫	HO1054	ÈáçÂ∫Ü	Ê±üÂåóÂõΩÈôÖÊú∫Âú∫	‰∏äÊµ∑	ËôπÊ°•ÂõΩÈôÖÊú∫Âú∫	2020-07-25 11:25:00	2020-07-25 14:00:00	80%	648	1310"
"HO10542020-07-26 11:25:00	ÂêâÁ••Ëà™Á©∫	HO1054	ÈáçÂ∫Ü	Ê±üÂåóÂõΩÈôÖÊú∫Âú∫	‰∏äÊµ∑	ËôπÊ°•ÂõΩÈôÖÊú∫Âú∫	2020-07-26 11:25:00	2020-07-26 14:00:00	77%	670	Êó†"
"HO10542020-07-27 11:25:00	ÂêâÁ••Ëà™Á©∫	HO1054	ÈáçÂ∫Ü	Ê±üÂåóÂõΩÈôÖÊú∫Âú∫	‰∏äÊµ∑	ËôπÊ°•ÂõΩÈôÖÊú∫Âú∫	2020-07-27 11:25:00	2020-07-27 14:00:00	77%	539	1310"
"HO10542020-07-28 11:25:00	ÂêâÁ••Ëà™Á©∫	HO1054	ÈáçÂ∫Ü	Ê±üÂåóÂõΩÈôÖÊú∫Âú∫	‰∏äÊµ∑	ËôπÊ°•ÂõΩÈôÖÊú∫Âú∫	2020-07-28 11:25:00	2020-07-28 14:00:00	76.67%	539	1310"
"HO10542020-07-29 11:25:00	ÂêâÁ••Ëà™Á©∫	HO1054	ÈáçÂ∫Ü	Ê±üÂåóÂõΩÈôÖÊú∫Âú∫	‰∏äÊµ∑	ËôπÊ°•ÂõΩÈôÖÊú∫Âú∫	2020-07-29 11:25:00	2020-07-29 14:00:00	76.67%	539	1310"
"HO10542020-07-30 11:25:00	ÂêâÁ••Ëà™Á©∫	HO1054	ÈáçÂ∫Ü	Ê±üÂåóÂõΩÈôÖÊú∫Âú∫	‰∏äÊµ∑	ËôπÊ°•ÂõΩÈôÖÊú∫Âú∫	2020-07-30 11:25:00	2020-07-30 14:00:00	77%	820	1310"
"HO12482020-07-23 18:55:00	ÂêâÁ••Ëà™Á©∫	HO1248	ÈáçÂ∫Ü	Ê±üÂåóÂõΩÈôÖÊú∫Âú∫	‰∏äÊµ∑	ËôπÊ°•ÂõΩÈôÖÊú∫Âú∫	2020-07-23 18:55:00	2020-07-23 21:40:00	87%	670	1310"
"HO12482020-07-24 18:55:00	ÂêâÁ••Ëà™Á©∫	HO1248	ÈáçÂ∫Ü	Ê±üÂåóÂõΩÈôÖÊú∫Âú∫	‰∏äÊµ∑	ËôπÊ°•ÂõΩÈôÖÊú∫Âú∫	2020-07-24 18:55:00	2020-07-24 21:40:00	87%	1000	1310"
"HO12482020-07-25 18:55:00	ÂêâÁ••Ëà™Á©∫	HO1248	ÈáçÂ∫Ü	Ê±üÂåóÂõΩÈôÖÊú∫Âú∫	‰∏äÊµ∑	ËôπÊ°•ÂõΩÈôÖÊú∫Âú∫	2020-07-25 18:55:00	2020-07-25 21:40:00	87%	430	1220"
"HO12482020-07-27 18:55:00	ÂêâÁ••Ëà™Á©∫	HO1248	ÈáçÂ∫Ü	Ê±üÂåóÂõΩÈôÖÊú∫Âú∫	‰∏äÊµ∑	ËôπÊ°•ÂõΩÈôÖÊú∫Âú∫	2020-07-27 18:55:00	2020-07-27 21:40:00	87%	530	1220"
"HO12482020-07-29 18:55:00	ÂêâÁ••Ëà™Á©∫	HO1248	ÈáçÂ∫Ü	Ê±üÂåóÂõΩÈôÖÊú∫Âú∫	‰∏äÊµ∑	ËôπÊ°•ÂõΩÈôÖÊú∫Âú∫	2020-07-29 18:55:00	2020-07-29 21:40:00	86.67%	530	1220"
"HO12482020-07-30 18:55:00	ÂêâÁ••Ëà™Á©∫	HO1248	ÈáçÂ∫Ü	Ê±üÂåóÂõΩÈôÖÊú∫Âú∫	‰∏äÊµ∑	ËôπÊ°•ÂõΩÈôÖÊú∫Âú∫	2020-07-30 18:55:00	2020-07-30 21:40:00	87%	820	1220"
"HO12682020-07-23 05:55:00	ÂêâÁ••Ëà™Á©∫	HO1268	ÈáçÂ∫Ü	Ê±üÂåóÂõΩÈôÖÊú∫Âú∫	‰∏äÊµ∑	ËôπÊ°•ÂõΩÈôÖÊú∫Âú∫	2020-07-23 05:55:00	2020-07-23 08:25:00		540	1120"
"HO12682020-07-24 05:55:00	ÂêâÁ••Ëà™Á©∫	HO1268	ÈáçÂ∫Ü	Ê±üÂåóÂõΩÈôÖÊú∫Âú∫	‰∏äÊµ∑	Êµ¶‰∏úÂõΩÈôÖÊú∫Âú∫	2020-07-24 05:55:00	2020-07-24 08:30:00		670	1120"
"HO12682020-07-25 05:55:00	ÂêâÁ••Ëà™Á©∫	HO1268	ÈáçÂ∫Ü	Ê±üÂåóÂõΩÈôÖÊú∫Âú∫	‰∏äÊµ∑	ËôπÊ°•ÂõΩÈôÖÊú∫Âú∫	2020-07-25 05:55:00	2020-07-25 08:25:00		470	1030"
"HO12682020-07-26 05:55:00	ÂêâÁ••Ëà™Á©∫	HO1268	ÈáçÂ∫Ü	Ê±üÂåóÂõΩÈôÖÊú∫Âú∫	‰∏äÊµ∑	Êµ¶‰∏úÂõΩÈôÖÊú∫Âú∫	2020-07-26 05:55:00	2020-07-26 08:30:00		470	1030"
"HO12682020-07-27 05:55:00	ÂêâÁ••Ëà™Á©∫	HO1268	ÈáçÂ∫Ü	Ê±üÂåóÂõΩÈôÖÊú∫Âú∫	‰∏äÊµ∑	ËôπÊ°•ÂõΩÈôÖÊú∫Âú∫	2020-07-27 05:55:00	2020-07-27 08:25:00		470	1030"
"HO12682020-07-28 05:55:00	ÂêâÁ••Ëà™Á©∫	HO1268	ÈáçÂ∫Ü	Ê±üÂåóÂõΩÈôÖÊú∫Âú∫	‰∏äÊµ∑	ËôπÊ°•ÂõΩÈôÖÊú∫Âú∫	2020-07-28 05:55:00	2020-07-28 08:25:00		470	1030"
"HO12682020-07-29 05:55:00	ÂêâÁ••Ëà™Á©∫	HO1268	ÈáçÂ∫Ü	Ê±üÂåóÂõΩÈôÖÊú∫Âú∫	‰∏äÊµ∑	Êµ¶‰∏úÂõΩÈôÖÊú∫Âú∫	2020-07-29 05:55:00	2020-07-29 08:30:00		470	1030"
"HO12682020-07-30 05:55:00	ÂêâÁ••Ëà™Á©∫	HO1268	ÈáçÂ∫Ü	Ê±üÂåóÂõΩÈôÖÊú∫Âú∫	‰∏äÊµ∑	ËôπÊ°•ÂõΩÈôÖÊú∫Âú∫	2020-07-30 05:55:00	2020-07-30 08:25:00		470	1030"
"HU74762020-07-23 20:35:00	Êµ∑ÂçóËà™Á©∫	HU7476	ÈáçÂ∫Ü	Ê±üÂåóÂõΩÈôÖÊú∫Âú∫	‰∏äÊµ∑	Êµ¶‰∏úÂõΩÈôÖÊú∫Âú∫	2020-07-23 20:35:00	2020-07-23 23:15:00	77%	705	1510"
"HU74762020-07-24 20:35:00	Êµ∑ÂçóËà™Á©∫	HU7476	ÈáçÂ∫Ü	Ê±üÂåóÂõΩÈôÖÊú∫Âú∫	‰∏äÊµ∑	Êµ¶‰∏úÂõΩÈôÖÊú∫Âú∫	2020-07-24 20:35:00	2020-07-24 23:15:00	77%	545	1400"
"HU74762020-07-25 20:35:00	Êµ∑ÂçóËà™Á©∫	HU7476	ÈáçÂ∫Ü	Ê±üÂåóÂõΩÈôÖÊú∫Âú∫	‰∏äÊµ∑	Êµ¶‰∏úÂõΩÈôÖÊú∫Âú∫	2020-07-25 20:35:00	2020-07-25 23:15:00	77%	655	1400"
"HU74762020-07-26 20:35:00	Êµ∑ÂçóËà™Á©∫	HU7476	ÈáçÂ∫Ü	Ê±üÂåóÂõΩÈôÖÊú∫Âú∫	‰∏äÊµ∑	Êµ¶‰∏úÂõΩÈôÖÊú∫Âú∫	2020-07-26 20:35:00	2020-07-26 23:15:00	77%	870	1620"
"HU74762020-07-27 20:35:00	Êµ∑ÂçóËà™Á©∫	HU7476	ÈáçÂ∫Ü	Ê±üÂåóÂõΩÈôÖÊú∫Âú∫	‰∏äÊµ∑	Êµ¶‰∏úÂõΩÈôÖÊú∫Âú∫	2020-07-27 20:35:00	2020-07-27 23:15:00	77%	655	1400"
"HU74762020-07-28 20:35:00	Êµ∑ÂçóËà™Á©∫	HU7476	ÈáçÂ∫Ü	Ê±üÂåóÂõΩÈôÖÊú∫Âú∫	‰∏äÊµ∑	Êµ¶‰∏úÂõΩÈôÖÊú∫Âú∫	2020-07-28 20:35:00	2020-07-28 23:15:00	77%	520	1400"
"HU74762020-07-29 20:35:00	Êµ∑ÂçóËà™Á©∫	HU7476	ÈáçÂ∫Ü	Ê±üÂåóÂõΩÈôÖÊú∫Âú∫	‰∏äÊµ∑	Êµ¶‰∏úÂõΩÈôÖÊú∫Âú∫	2020-07-29 20:35:00	2020-07-29 23:15:00	77%	385	1400"
"HU74762020-07-30 20:35:00	Êµ∑ÂçóËà™Á©∫	HU7476	ÈáçÂ∫Ü	Ê±üÂåóÂõΩÈôÖÊú∫Âú∫	‰∏äÊµ∑	Êµ¶‰∏úÂõΩÈôÖÊú∫Âú∫	2020-07-30 20:35:00	2020-07-30 23:15:00	77%	385	1400"
"MF51392020-07-23 07:20:00	Âé¶Èó®Ëà™Á©∫	MF5139	ÈáçÂ∫Ü	Ê±üÂåóÂõΩÈôÖÊú∫Âú∫	‰∏äÊµ∑	Êµ¶‰∏úÂõΩÈôÖÊú∫Âú∫	2020-07-23 07:20:00	2020-07-23 09:40:00	83%	1010	Êó†"
"MF51392020-07-24 07:20:00	Âé¶Èó®Ëà™Á©∫	MF5139	ÈáçÂ∫Ü	Ê±üÂåóÂõΩÈôÖÊú∫Âú∫	‰∏äÊµ∑	Êµ¶‰∏úÂõΩÈôÖÊú∫Âú∫	2020-07-24 07:20:00	2020-07-24 09:40:00	83%	1010	Êó†"
"MF51392020-07-25 07:20:00	Âé¶Èó®Ëà™Á©∫	MF5139	ÈáçÂ∫Ü	Ê±üÂåóÂõΩÈôÖÊú∫Âú∫	‰∏äÊµ∑	Êµ¶‰∏úÂõΩÈôÖÊú∫Âú∫	2020-07-25 07:20:00	2020-07-25 09:40:00	83%	1010	Êó†"
"MF51392020-07-26 07:20:00	Âé¶Èó®Ëà™Á©∫	MF5139	ÈáçÂ∫Ü	Ê±üÂåóÂõΩÈôÖÊú∫Âú∫	‰∏äÊµ∑	Êµ¶‰∏úÂõΩÈôÖÊú∫Âú∫	2020-07-26 07:20:00	2020-07-26 09:40:00	83%	1010	Êó†"
"MF51392020-07-27 07:20:00	Âé¶Èó®Ëà™Á©∫	MF5139	ÈáçÂ∫Ü	Ê±üÂåóÂõΩÈôÖÊú∫Âú∫	‰∏äÊµ∑	Êµ¶‰∏úÂõΩÈôÖÊú∫Âú∫	2020-07-27 07:20:00	2020-07-27 09:40:00	83%	1010	Êó†"
"MF51392020-07-28 07:20:00	Âé¶Èó®Ëà™Á©∫	MF5139	ÈáçÂ∫Ü	Ê±üÂåóÂõΩÈôÖÊú∫Âú∫	‰∏äÊµ∑	Êµ¶‰∏úÂõΩÈôÖÊú∫Âú∫	2020-07-28 07:20:00	2020-07-28 09:40:00	83%	1010	Êó†"
"MF51392020-07-29 07:20:00	Âé¶Èó®Ëà™Á©∫	MF5139	ÈáçÂ∫Ü	Ê±üÂåóÂõΩÈôÖÊú∫Âú∫	‰∏äÊµ∑	Êµ¶‰∏úÂõΩÈôÖÊú∫Âú∫	2020-07-29 07:20:00	2020-07-29 09:40:00	83%	1010	Êó†"
"MF51392020-07-30 07:20:00	Âé¶Èó®Ëà™Á©∫	MF5139	ÈáçÂ∫Ü	Ê±üÂåóÂõΩÈôÖÊú∫Âú∫	‰∏äÊµ∑	Êµ¶‰∏úÂõΩÈôÖÊú∫Âú∫	2020-07-30 07:20:00	2020-07-30 09:40:00	83%	1760	Êó†"
"MF85812020-07-23 12:00:00	Âé¶Èó®Ëà™Á©∫	MF8581	ÈáçÂ∫Ü	Ê±üÂåóÂõΩÈôÖÊú∫Âú∫	‰∏äÊµ∑	ËôπÊ°•ÂõΩÈôÖÊú∫Âú∫	2020-07-23 12:00:00	2020-07-23 14:30:00	93%	970	Êó†"
"MF85812020-07-24 12:00:00	Âé¶Èó®Ëà™Á©∫	MF8581	ÈáçÂ∫Ü	Ê±üÂåóÂõΩÈôÖÊú∫Âú∫	‰∏äÊµ∑	ËôπÊ°•ÂõΩÈôÖÊú∫Âú∫	2020-07-24 12:00:00	2020-07-24 14:30:00	93%	970	Êó†"
"MF85812020-07-25 12:00:00	Âé¶Èó®Ëà™Á©∫	MF8581	ÈáçÂ∫Ü	Ê±üÂåóÂõΩÈôÖÊú∫Âú∫	‰∏äÊµ∑	ËôπÊ°•ÂõΩÈôÖÊú∫Âú∫	2020-07-25 12:00:00	2020-07-25 14:30:00	93%	470	Êó†"
"MF85812020-07-26 12:00:00	Âé¶Èó®Ëà™Á©∫	MF8581	ÈáçÂ∫Ü	Ê±üÂåóÂõΩÈôÖÊú∫Âú∫	‰∏äÊµ∑	ËôπÊ°•ÂõΩÈôÖÊú∫Âú∫	2020-07-26 12:00:00	2020-07-26 14:30:00	93%	650	Êó†"
"MF85812020-07-27 12:00:00	Âé¶Èó®Ëà™Á©∫	MF8581	ÈáçÂ∫Ü	Ê±üÂåóÂõΩÈôÖÊú∫Âú∫	‰∏äÊµ∑	ËôπÊ°•ÂõΩÈôÖÊú∫Âú∫	2020-07-27 12:00:00	2020-07-27 14:30:00	93%	470	Êó†"
"MF85812020-07-28 12:00:00	Âé¶Èó®Ëà™Á©∫	MF8581	ÈáçÂ∫Ü	Ê±üÂåóÂõΩÈôÖÊú∫Âú∫	‰∏äÊµ∑	ËôπÊ°•ÂõΩÈôÖÊú∫Âú∫	2020-07-28 12:00:00	2020-07-28 14:30:00	93.33%	470	Êó†"
"MF85812020-07-29 12:00:00	Âé¶Èó®Ëà™Á©∫	MF8581	ÈáçÂ∫Ü	Ê±üÂåóÂõΩÈôÖÊú∫Âú∫	‰∏äÊµ∑	ËôπÊ°•ÂõΩÈôÖÊú∫Âú∫	2020-07-29 12:00:00	2020-07-29 14:30:00	93.33%	560	Êó†"
"MF85812020-07-30 12:00:00	Âé¶Èó®Ëà™Á©∫	MF8581	ÈáçÂ∫Ü	Ê±üÂåóÂõΩÈôÖÊú∫Âú∫	‰∏äÊµ∑	ËôπÊ°•ÂõΩÈôÖÊú∫Âú∫	2020-07-30 12:00:00	2020-07-30 14:30:00	93%	560	Êó†"
"MU10832020-07-23 07:20:00	‰∏úÊñπËà™Á©∫	MU1083	ÈáçÂ∫Ü	Ê±üÂåóÂõΩÈôÖÊú∫Âú∫	‰∏äÊµ∑	Êµ¶‰∏úÂõΩÈôÖÊú∫Âú∫	2020-07-23 07:20:00	2020-07-23 09:40:00	83%	820	Êó†"
"MU10832020-07-24 07:20:00	‰∏úÊñπËà™Á©∫	MU1083	ÈáçÂ∫Ü	Ê±üÂåóÂõΩÈôÖÊú∫Âú∫	‰∏äÊµ∑	Êµ¶‰∏úÂõΩÈôÖÊú∫Âú∫	2020-07-24 07:20:00	2020-07-24 09:40:00	83%	820	Êó†"
"MU10832020-07-25 07:20:00	‰∏úÊñπËà™Á©∫	MU1083	ÈáçÂ∫Ü	Ê±üÂåóÂõΩÈôÖÊú∫Âú∫	‰∏äÊµ∑	Êµ¶‰∏úÂõΩÈôÖÊú∫Âú∫	2020-07-25 07:20:00	2020-07-25 09:40:00	83%	820	Êó†"
"MU10832020-07-26 07:20:00	‰∏úÊñπËà™Á©∫	MU1083	ÈáçÂ∫Ü	Ê±üÂåóÂõΩÈôÖÊú∫Âú∫	‰∏äÊµ∑	Êµ¶‰∏úÂõΩÈôÖÊú∫Âú∫	2020-07-26 07:20:00	2020-07-26 09:40:00	83%	820	Êó†"
"MU10832020-07-27 07:20:00	‰∏úÊñπËà™Á©∫	MU1083	ÈáçÂ∫Ü	Ê±üÂåóÂõΩÈôÖÊú∫Âú∫	‰∏äÊµ∑	Êµ¶‰∏úÂõΩÈôÖÊú∫Âú∫	2020-07-27 07:20:00	2020-07-27 09:40:00	83%	820	Êó†"
"MU10832020-07-28 07:20:00	‰∏úÊñπËà™Á©∫	MU1083	ÈáçÂ∫Ü	Ê±üÂåóÂõΩÈôÖÊú∫Âú∫	‰∏äÊµ∑	Êµ¶‰∏úÂõΩÈôÖÊú∫Âú∫	2020-07-28 07:20:00	2020-07-28 09:40:00	83%	820	Êó†"
"MU10832020-07-29 07:20:00	‰∏úÊñπËà™Á©∫	MU1083	ÈáçÂ∫Ü	Ê±üÂåóÂõΩÈôÖÊú∫Âú∫	‰∏äÊµ∑	Êµ¶‰∏úÂõΩÈôÖÊú∫Âú∫	2020-07-29 07:20:00	2020-07-29 09:40:00	83%	820	Êó†"
"MU10832020-07-30 07:20:00	‰∏úÊñπËà™Á©∫	MU1083	ÈáçÂ∫Ü	Ê±üÂåóÂõΩÈôÖÊú∫Âú∫	‰∏äÊµ∑	Êµ¶‰∏úÂõΩÈôÖÊú∫Âú∫	2020-07-30 07:20:00	2020-07-30 09:40:00	83%	1010	Êó†"
"MU10852020-07-23 15:15:00	‰∏úÊñπËà™Á©∫	MU1085	ÈáçÂ∫Ü	Ê±üÂåóÂõΩÈôÖÊú∫Âú∫	‰∏äÊµ∑	Êµ¶‰∏úÂõΩÈôÖÊú∫Âú∫	2020-07-23 15:15:00	2020-07-23 17:35:00	90%	1010	Êó†"
"MU10852020-07-24 14:55:00	‰∏úÊñπËà™Á©∫	MU1085	ÈáçÂ∫Ü	Ê±üÂåóÂõΩÈôÖÊú∫Âú∫	‰∏äÊµ∑	Êµ¶‰∏úÂõΩÈôÖÊú∫Âú∫	2020-07-24 14:55:00	2020-07-24 17:35:00	90%	1010	Êó†"
"MU10852020-07-26 15:15:00	‰∏úÊñπËà™Á©∫	MU1085	ÈáçÂ∫Ü	Ê±üÂåóÂõΩÈôÖÊú∫Âú∫	‰∏äÊµ∑	Êµ¶‰∏úÂõΩÈôÖÊú∫Âú∫	2020-07-26 15:15:00	2020-07-26 17:35:00	90%	1010	Êó†"
"MU10852020-07-27 14:55:00	‰∏úÊñπËà™Á©∫	MU1085	ÈáçÂ∫Ü	Ê±üÂåóÂõΩÈôÖÊú∫Âú∫	‰∏äÊµ∑	Êµ¶‰∏úÂõΩÈôÖÊú∫Âú∫	2020-07-27 14:55:00	2020-07-27 17:35:00	90%	820	Êó†"
"MU10852020-07-28 14:55:00	‰∏úÊñπËà™Á©∫	MU1085	ÈáçÂ∫Ü	Ê±üÂåóÂõΩÈôÖÊú∫Âú∫	‰∏äÊµ∑	Êµ¶‰∏úÂõΩÈôÖÊú∫Âú∫	2020-07-28 14:55:00	2020-07-28 17:35:00	90%	820	Êó†"
"MU10852020-07-29 15:15:00	‰∏úÊñπËà™Á©∫	MU1085	ÈáçÂ∫Ü	Ê±üÂåóÂõΩÈôÖÊú∫Âú∫	‰∏äÊµ∑	Êµ¶‰∏úÂõΩÈôÖÊú∫Âú∫	2020-07-29 15:15:00	2020-07-29 17:35:00	90%	820	Êó†"
"MU10852020-07-30 15:15:00	‰∏úÊñπËà™Á©∫	MU1085	ÈáçÂ∫Ü	Ê±üÂåóÂõΩÈôÖÊú∫Âú∫	‰∏äÊµ∑	Êµ¶‰∏úÂõΩÈôÖÊú∫Âú∫	2020-07-30 15:15:00	2020-07-30 17:35:00	90%	1010	Êó†"
"MU54222020-07-23 08:20:00	‰∏úÊñπËà™Á©∫	MU5422	ÈáçÂ∫Ü	Ê±üÂåóÂõΩÈôÖÊú∫Âú∫	‰∏äÊµ∑	Êµ¶‰∏úÂõΩÈôÖÊú∫Âú∫	2020-07-23 08:20:00	2020-07-23 10:40:00	83%	700	Êó†"
"MU54222020-07-24 08:20:00	‰∏úÊñπËà™Á©∫	MU5422	ÈáçÂ∫Ü	Ê±üÂåóÂõΩÈôÖÊú∫Âú∫	‰∏äÊµ∑	Êµ¶‰∏úÂõΩÈôÖÊú∫Âú∫	2020-07-24 08:20:00	2020-07-24 10:40:00	83%	700	Êó†"
"MU54222020-07-25 08:20:00	‰∏úÊñπËà™Á©∫	MU5422	ÈáçÂ∫Ü	Ê±üÂåóÂõΩÈôÖÊú∫Âú∫	‰∏äÊµ∑	Êµ¶‰∏úÂõΩÈôÖÊú∫Âú∫	2020-07-25 08:20:00	2020-07-25 10:40:00	83%	420	Êó†"
"MU54222020-07-26 08:20:00	‰∏úÊñπËà™Á©∫	MU5422	ÈáçÂ∫Ü	Ê±üÂåóÂõΩÈôÖÊú∫Âú∫	‰∏äÊµ∑	Êµ¶‰∏úÂõΩÈôÖÊú∫Âú∫	2020-07-26 08:20:00	2020-07-26 10:40:00	83%	420	Êó†"
"MU54222020-07-27 08:20:00	‰∏úÊñπËà™Á©∫	MU5422	ÈáçÂ∫Ü	Ê±üÂåóÂõΩÈôÖÊú∫Âú∫	‰∏äÊµ∑	Êµ¶‰∏úÂõΩÈôÖÊú∫Âú∫	2020-07-27 08:20:00	2020-07-27 10:40:00	83%	420	Êó†"
"MU54222020-07-28 08:20:00	‰∏úÊñπËà™Á©∫	MU5422	ÈáçÂ∫Ü	Ê±üÂåóÂõΩÈôÖÊú∫Âú∫	‰∏äÊµ∑	Êµ¶‰∏úÂõΩÈôÖÊú∫Âú∫	2020-07-28 08:20:00	2020-07-28 10:40:00	83%	420	Êó†"
"MU54222020-07-29 08:20:00	‰∏úÊñπËà™Á©∫	MU5422	ÈáçÂ∫Ü	Ê±üÂåóÂõΩÈôÖÊú∫Âú∫	‰∏äÊµ∑	Êµ¶‰∏úÂõΩÈôÖÊú∫Âú∫	2020-07-29 08:20:00	2020-07-29 10:40:00	83%	420	Êó†"
"MU54222020-07-30 08:20:00	‰∏úÊñπËà™Á©∫	MU5422	ÈáçÂ∫Ü	Ê±üÂåóÂõΩÈôÖÊú∫Âú∫	‰∏äÊµ∑	Êµ¶‰∏úÂõΩÈôÖÊú∫Âú∫	2020-07-30 08:20:00	2020-07-30 10:40:00	83%	700	Êó†"
"MU54242020-07-23 09:00:00	‰∏úÊñπËà™Á©∫	MU5424	ÈáçÂ∫Ü	Ê±üÂåóÂõΩÈôÖÊú∫Âú∫	‰∏äÊµ∑	Êµ¶‰∏úÂõΩÈôÖÊú∫Âú∫	2020-07-23 09:00:00	2020-07-23 11:40:00	77%	730	Êó†"
"MU54242020-07-24 09:00:00	‰∏úÊñπËà™Á©∫	MU5424	ÈáçÂ∫Ü	Ê±üÂåóÂõΩÈôÖÊú∫Âú∫	‰∏äÊµ∑	Êµ¶‰∏úÂõΩÈôÖÊú∫Âú∫	2020-07-24 09:00:00	2020-07-24 11:40:00	77%	730	Êó†"
"MU54242020-07-25 09:00:00	‰∏úÊñπËà™Á©∫	MU5424	ÈáçÂ∫Ü	Ê±üÂåóÂõΩÈôÖÊú∫Âú∫	‰∏äÊµ∑	Êµ¶‰∏úÂõΩÈôÖÊú∫Âú∫	2020-07-25 09:00:00	2020-07-25 11:40:00	77%	440	Êó†"
"MU54242020-07-26 09:00:00	‰∏úÊñπËà™Á©∫	MU5424	ÈáçÂ∫Ü	Ê±üÂåóÂõΩÈôÖÊú∫Âú∫	‰∏äÊµ∑	Êµ¶‰∏úÂõΩÈôÖÊú∫Âú∫	2020-07-26 09:00:00	2020-07-26 11:40:00	77%	650	Êó†"
"MU54242020-07-27 09:00:00	‰∏úÊñπËà™Á©∫	MU5424	ÈáçÂ∫Ü	Ê±üÂåóÂõΩÈôÖÊú∫Âú∫	‰∏äÊµ∑	Êµ¶‰∏úÂõΩÈôÖÊú∫Âú∫	2020-07-27 09:00:00	2020-07-27 11:40:00	77%	650	Êó†"
"MU54242020-07-28 09:00:00	‰∏úÊñπËà™Á©∫	MU5424	ÈáçÂ∫Ü	Ê±üÂåóÂõΩÈôÖÊú∫Âú∫	‰∏äÊµ∑	Êµ¶‰∏úÂõΩÈôÖÊú∫Âú∫	2020-07-28 09:00:00	2020-07-28 11:40:00	77%	440	Êó†"
"MU54242020-07-29 09:00:00	‰∏úÊñπËà™Á©∫	MU5424	ÈáçÂ∫Ü	Ê±üÂåóÂõΩÈôÖÊú∫Âú∫	‰∏äÊµ∑	Êµ¶‰∏úÂõΩÈôÖÊú∫Âú∫	2020-07-29 09:00:00	2020-07-29 11:40:00	77%	440	Êó†"
"MU54242020-07-30 09:00:00	‰∏úÊñπËà™Á©∫	MU5424	ÈáçÂ∫Ü	Ê±üÂåóÂõΩÈôÖÊú∫Âú∫	‰∏äÊµ∑	Êµ¶‰∏úÂõΩÈôÖÊú∫Âú∫	2020-07-30 09:00:00	2020-07-30 11:40:00	77%	700	Êó†"
"MU54262020-07-24 13:10:00	‰∏úÊñπËà™Á©∫	MU5426	ÈáçÂ∫Ü	Ê±üÂåóÂõΩÈôÖÊú∫Âú∫	‰∏äÊµ∑	Êµ¶‰∏úÂõΩÈôÖÊú∫Âú∫	2020-07-24 13:10:00	2020-07-24 15:35:00	80%	790	Êó†"
"MU54262020-07-26 13:10:00	‰∏úÊñπËà™Á©∫	MU5426	ÈáçÂ∫Ü	Ê±üÂåóÂõΩÈôÖÊú∫Âú∫	‰∏äÊµ∑	Êµ¶‰∏úÂõΩÈôÖÊú∫Âú∫	2020-07-26 13:10:00	2020-07-26 15:35:00	80%	920	Êó†"
"MU54262020-07-27 13:10:00	‰∏úÊñπËà™Á©∫	MU5426	ÈáçÂ∫Ü	Ê±üÂåóÂõΩÈôÖÊú∫Âú∫	‰∏äÊµ∑	Êµ¶‰∏úÂõΩÈôÖÊú∫Âú∫	2020-07-27 13:10:00	2020-07-27 15:35:00	80%	650	Êó†"
"MU54262020-07-29 13:10:00	‰∏úÊñπËà™Á©∫	MU5426	ÈáçÂ∫Ü	Ê±üÂåóÂõΩÈôÖÊú∫Âú∫	‰∏äÊµ∑	Êµ¶‰∏úÂõΩÈôÖÊú∫Âú∫	2020-07-29 13:10:00	2020-07-29 15:35:00	80%	470	Êó†"
"MU54282020-07-23 13:40:00	‰∏úÊñπËà™Á©∫	MU5428	ÈáçÂ∫Ü	Ê±üÂåóÂõΩÈôÖÊú∫Âú∫	‰∏äÊµ∑	ËôπÊ°•ÂõΩÈôÖÊú∫Âú∫	2020-07-23 13:40:00	2020-07-23 16:10:00	67%	950	Êó†"
"MU54282020-07-24 13:40:00	‰∏úÊñπËà™Á©∫	MU5428	ÈáçÂ∫Ü	Ê±üÂåóÂõΩÈôÖÊú∫Âú∫	‰∏äÊµ∑	ËôπÊ°•ÂõΩÈôÖÊú∫Âú∫	2020-07-24 13:40:00	2020-07-24 16:10:00	67%	950	Êó†"
"MU54282020-07-25 13:40:00	‰∏úÊñπËà™Á©∫	MU5428	ÈáçÂ∫Ü	Ê±üÂåóÂõΩÈôÖÊú∫Âú∫	‰∏äÊµ∑	ËôπÊ°•ÂõΩÈôÖÊú∫Âú∫	2020-07-25 13:40:00	2020-07-25 16:10:00	67%	820	Êó†"
"MU54282020-07-26 13:40:00	‰∏úÊñπËà™Á©∫	MU5428	ÈáçÂ∫Ü	Ê±üÂåóÂõΩÈôÖÊú∫Âú∫	‰∏äÊµ∑	ËôπÊ°•ÂõΩÈôÖÊú∫Âú∫	2020-07-26 13:40:00	2020-07-26 16:10:00	67%	1760	Êó†"
"MU54282020-07-27 13:40:00	‰∏úÊñπËà™Á©∫	MU5428	ÈáçÂ∫Ü	Ê±üÂåóÂõΩÈôÖÊú∫Âú∫	‰∏äÊµ∑	ËôπÊ°•ÂõΩÈôÖÊú∫Âú∫	2020-07-27 13:40:00	2020-07-27 16:10:00	67%	650	Êó†"
"MU54282020-07-28 13:40:00	‰∏úÊñπËà™Á©∫	MU5428	ÈáçÂ∫Ü	Ê±üÂåóÂõΩÈôÖÊú∫Âú∫	‰∏äÊµ∑	ËôπÊ°•ÂõΩÈôÖÊú∫Âú∫	2020-07-28 13:40:00	2020-07-28 16:10:00	66.67%	650	Êó†"
"MU54282020-07-29 13:40:00	‰∏úÊñπËà™Á©∫	MU5428	ÈáçÂ∫Ü	Ê±üÂåóÂõΩÈôÖÊú∫Âú∫	‰∏äÊµ∑	ËôπÊ°•ÂõΩÈôÖÊú∫Âú∫	2020-07-29 13:40:00	2020-07-29 16:10:00	66.67%	530	Êó†"
"MU54282020-07-30 13:40:00	‰∏úÊñπËà™Á©∫	MU5428	ÈáçÂ∫Ü	Ê±üÂåóÂõΩÈôÖÊú∫Âú∫	‰∏äÊµ∑	ËôπÊ°•ÂõΩÈôÖÊú∫Âú∫	2020-07-30 13:40:00	2020-07-30 16:10:00	67%	700	Êó†"
"MU54322020-07-23 17:55:00	‰∏úÊñπËà™Á©∫	MU5432	ÈáçÂ∫Ü	Ê±üÂåóÂõΩÈôÖÊú∫Âú∫	‰∏äÊµ∑	ËôπÊ°•ÂõΩÈôÖÊú∫Âú∫	2020-07-23 17:55:00	2020-07-23 20:20:00	73%	820	Êó†"
"MU54322020-07-24 17:55:00	‰∏úÊñπËà™Á©∫	MU5432	ÈáçÂ∫Ü	Ê±üÂåóÂõΩÈôÖÊú∫Âú∫	‰∏äÊµ∑	ËôπÊ°•ÂõΩÈôÖÊú∫Âú∫	2020-07-24 17:55:00	2020-07-24 20:20:00	73%	930	Êó†"
"MU54322020-07-25 17:55:00	‰∏úÊñπËà™Á©∫	MU5432	ÈáçÂ∫Ü	Ê±üÂåóÂõΩÈôÖÊú∫Âú∫	‰∏äÊµ∑	ËôπÊ°•ÂõΩÈôÖÊú∫Âú∫	2020-07-25 17:55:00	2020-07-25 20:20:00	73%	510	Êó†"
"MU54322020-07-26 17:55:00	‰∏úÊñπËà™Á©∫	MU5432	ÈáçÂ∫Ü	Ê±üÂåóÂõΩÈôÖÊú∫Âú∫	‰∏äÊµ∑	ËôπÊ°•ÂõΩÈôÖÊú∫Âú∫	2020-07-26 17:55:00	2020-07-26 20:20:00	73%	2430	Êó†"
"MU54322020-07-27 17:55:00	‰∏úÊñπËà™Á©∫	MU5432	ÈáçÂ∫Ü	Ê±üÂåóÂõΩÈôÖÊú∫Âú∫	‰∏äÊµ∑	ËôπÊ°•ÂõΩÈôÖÊú∫Âú∫	2020-07-27 17:55:00	2020-07-27 20:20:00	73%	510	Êó†"
"MU54322020-07-28 17:55:00	‰∏úÊñπËà™Á©∫	MU5432	ÈáçÂ∫Ü	Ê±üÂåóÂõΩÈôÖÊú∫Âú∫	‰∏äÊµ∑	ËôπÊ°•ÂõΩÈôÖÊú∫Âú∫	2020-07-28 17:55:00	2020-07-28 20:20:00	73.33%	510	Êó†"
"MU54322020-07-29 17:55:00	‰∏úÊñπËà™Á©∫	MU5432	ÈáçÂ∫Ü	Ê±üÂåóÂõΩÈôÖÊú∫Âú∫	‰∏äÊµ∑	ËôπÊ°•ÂõΩÈôÖÊú∫Âú∫	2020-07-29 17:55:00	2020-07-29 20:20:00	73.33%	510	Êó†"
"MU54322020-07-30 17:55:00	‰∏úÊñπËà™Á©∫	MU5432	ÈáçÂ∫Ü	Ê±üÂåóÂõΩÈôÖÊú∫Âú∫	‰∏äÊµ∑	ËôπÊ°•ÂõΩÈôÖÊú∫Âú∫	2020-07-30 17:55:00	2020-07-30 20:20:00	73%	700	Êó†"
"MU54342020-07-23 19:35:00	‰∏úÊñπËà™Á©∫	MU5434	ÈáçÂ∫Ü	Ê±üÂåóÂõΩÈôÖÊú∫Âú∫	‰∏äÊµ∑	ËôπÊ°•ÂõΩÈôÖÊú∫Âú∫	2020-07-23 19:35:00	2020-07-23 21:55:00	73%	900	Êó†"
"MU54342020-07-24 19:35:00	‰∏úÊñπËà™Á©∫	MU5434	ÈáçÂ∫Ü	Ê±üÂåóÂõΩÈôÖÊú∫Âú∫	‰∏äÊµ∑	ËôπÊ°•ÂõΩÈôÖÊú∫Âú∫	2020-07-24 19:35:00	2020-07-24 21:55:00	73%	900	Êó†"
"MU54342020-07-25 19:35:00	‰∏úÊñπËà™Á©∫	MU5434	ÈáçÂ∫Ü	Ê±üÂåóÂõΩÈôÖÊú∫Âú∫	‰∏äÊµ∑	ËôπÊ°•ÂõΩÈôÖÊú∫Âú∫	2020-07-25 19:35:00	2020-07-25 21:55:00	73%	480	Êó†"
"MU54342020-07-26 19:35:00	‰∏úÊñπËà™Á©∫	MU5434	ÈáçÂ∫Ü	Ê±üÂåóÂõΩÈôÖÊú∫Âú∫	‰∏äÊµ∑	ËôπÊ°•ÂõΩÈôÖÊú∫Âú∫	2020-07-26 19:35:00	2020-07-26 21:55:00	73%	1760	Êó†"
"MU54342020-07-27 19:35:00	‰∏úÊñπËà™Á©∫	MU5434	ÈáçÂ∫Ü	Ê±üÂåóÂõΩÈôÖÊú∫Âú∫	‰∏äÊµ∑	ËôπÊ°•ÂõΩÈôÖÊú∫Âú∫	2020-07-27 19:35:00	2020-07-27 21:55:00	73%	480	Êó†"
"MU54342020-07-28 19:35:00	‰∏úÊñπËà™Á©∫	MU5434	ÈáçÂ∫Ü	Ê±üÂåóÂõΩÈôÖÊú∫Âú∫	‰∏äÊµ∑	ËôπÊ°•ÂõΩÈôÖÊú∫Âú∫	2020-07-28 19:35:00	2020-07-28 21:55:00	73.33%	480	Êó†"
"MU54342020-07-29 19:35:00	‰∏úÊñπËà™Á©∫	MU5434	ÈáçÂ∫Ü	Ê±üÂåóÂõΩÈôÖÊú∫Âú∫	‰∏äÊµ∑	ËôπÊ°•ÂõΩÈôÖÊú∫Âú∫	2020-07-29 19:35:00	2020-07-29 21:55:00	73.33%	480	Êó†"
"MU54342020-07-30 19:35:00	‰∏úÊñπËà™Á©∫	MU5434	ÈáçÂ∫Ü	Ê±üÂåóÂõΩÈôÖÊú∫Âú∫	‰∏äÊµ∑	ËôπÊ°•ÂõΩÈôÖÊú∫Âú∫	2020-07-30 19:35:00	2020-07-30 21:55:00	73%	700	Êó†"
"MU54942020-07-23 18:50:00	‰∏úÊñπËà™Á©∫	MU5494	ÈáçÂ∫Ü	Ê±üÂåóÂõΩÈôÖÊú∫Âú∫	‰∏äÊµ∑	Êµ¶‰∏úÂõΩÈôÖÊú∫Âú∫	2020-07-23 18:50:00	2020-07-23 21:30:00	77%	920	Êó†"
"MU54942020-07-25 18:50:00	‰∏úÊñπËà™Á©∫	MU5494	ÈáçÂ∫Ü	Ê±üÂåóÂõΩÈôÖÊú∫Âú∫	‰∏äÊµ∑	Êµ¶‰∏úÂõΩÈôÖÊú∫Âú∫	2020-07-25 18:50:00	2020-07-25 21:30:00	77%	750	Êó†"
"MU54942020-07-28 18:50:00	‰∏úÊñπËà™Á©∫	MU5494	ÈáçÂ∫Ü	Ê±üÂåóÂõΩÈôÖÊú∫Âú∫	‰∏äÊµ∑	Êµ¶‰∏úÂõΩÈôÖÊú∫Âú∫	2020-07-28 18:50:00	2020-07-28 21:30:00	77%	420	Êó†"
"MU54942020-07-30 18:50:00	‰∏úÊñπËà™Á©∫	MU5494	ÈáçÂ∫Ü	Ê±üÂåóÂõΩÈôÖÊú∫Âú∫	‰∏äÊµ∑	Êµ¶‰∏úÂõΩÈôÖÊú∫Âú∫	2020-07-30 18:50:00	2020-07-30 21:30:00	77%	700	Êó†"
"MU55142020-07-23 18:55:00	‰∏úÊñπËà™Á©∫	MU5514	ÈáçÂ∫Ü	Ê±üÂåóÂõΩÈôÖÊú∫Âú∫	‰∏äÊµ∑	ËôπÊ°•ÂõΩÈôÖÊú∫Âú∫	2020-07-23 18:55:00	2020-07-23 23:15:00	93%	650	Êó†"
"MU55142020-07-24 18:55:00	‰∏úÊñπËà™Á©∫	MU5514	ÈáçÂ∫Ü	Ê±üÂåóÂõΩÈôÖÊú∫Âú∫	‰∏äÊµ∑	ËôπÊ°•ÂõΩÈôÖÊú∫Âú∫	2020-07-24 18:55:00	2020-07-24 23:15:00	93%	1500	Êó†"
"MU55142020-07-25 18:55:00	‰∏úÊñπËà™Á©∫	MU5514	ÈáçÂ∫Ü	Ê±üÂåóÂõΩÈôÖÊú∫Âú∫	‰∏äÊµ∑	ËôπÊ°•ÂõΩÈôÖÊú∫Âú∫	2020-07-25 18:55:00	2020-07-25 23:15:00	93%	1500	Êó†"
"MU55142020-07-26 18:55:00	‰∏úÊñπËà™Á©∫	MU5514	ÈáçÂ∫Ü	Ê±üÂåóÂõΩÈôÖÊú∫Âú∫	‰∏äÊµ∑	ËôπÊ°•ÂõΩÈôÖÊú∫Âú∫	2020-07-26 18:55:00	2020-07-26 23:15:00	93%	1500	Êó†"
"MU55142020-07-27 18:55:00	‰∏úÊñπËà™Á©∫	MU5514	ÈáçÂ∫Ü	Ê±üÂåóÂõΩÈôÖÊú∫Âú∫	‰∏äÊµ∑	ËôπÊ°•ÂõΩÈôÖÊú∫Âú∫	2020-07-27 18:55:00	2020-07-27 23:15:00	93%	400	Êó†"
"MU55142020-07-28 18:55:00	‰∏úÊñπËà™Á©∫	MU5514	ÈáçÂ∫Ü	Ê±üÂåóÂõΩÈôÖÊú∫Âú∫	‰∏äÊµ∑	ËôπÊ°•ÂõΩÈôÖÊú∫Âú∫	2020-07-28 18:55:00	2020-07-28 23:15:00	93.33%	400	Êó†"
"MU55142020-07-29 18:55:00	‰∏úÊñπËà™Á©∫	MU5514	ÈáçÂ∫Ü	Ê±üÂåóÂõΩÈôÖÊú∫Âú∫	‰∏äÊµ∑	ËôπÊ°•ÂõΩÈôÖÊú∫Âú∫	2020-07-29 18:55:00	2020-07-29 23:15:00	93.33%	320	Êó†"
"MU55142020-07-30 18:55:00	‰∏úÊñπËà™Á©∫	MU5514	ÈáçÂ∫Ü	Ê±üÂåóÂõΩÈôÖÊú∫Âú∫	‰∏äÊµ∑	ËôπÊ°•ÂõΩÈôÖÊú∫Âú∫	2020-07-30 18:55:00	2020-07-30 23:15:00	93%	700	Êó†"
"MU56802020-07-23 06:30:00	‰∏úÊñπËà™Á©∫	MU5680	ÈáçÂ∫Ü	Ê±üÂåóÂõΩÈôÖÊú∫Âú∫	‰∏äÊµ∑	ËôπÊ°•ÂõΩÈôÖÊú∫Âú∫	2020-07-23 06:30:00	2020-07-23 08:50:00	100%	700	Êó†"
"MU56802020-07-24 06:30:00	‰∏úÊñπËà™Á©∫	MU5680	ÈáçÂ∫Ü	Ê±üÂåóÂõΩÈôÖÊú∫Âú∫	‰∏äÊµ∑	ËôπÊ°•ÂõΩÈôÖÊú∫Âú∫	2020-07-24 06:30:00	2020-07-24 08:50:00	100%	920	Êó†"
"MU56802020-07-25 06:30:00	‰∏úÊñπËà™Á©∫	MU5680	ÈáçÂ∫Ü	Ê±üÂåóÂõΩÈôÖÊú∫Âú∫	‰∏äÊµ∑	ËôπÊ°•ÂõΩÈôÖÊú∫Âú∫	2020-07-25 06:30:00	2020-07-25 08:50:00	100%	650	Êó†"
"MU56802020-07-26 06:30:00	‰∏úÊñπËà™Á©∫	MU5680	ÈáçÂ∫Ü	Ê±üÂåóÂõΩÈôÖÊú∫Âú∫	‰∏äÊµ∑	ËôπÊ°•ÂõΩÈôÖÊú∫Âú∫	2020-07-26 06:30:00	2020-07-26 08:50:00	100%	430	Êó†"
"MU56802020-07-27 06:30:00	‰∏úÊñπËà™Á©∫	MU5680	ÈáçÂ∫Ü	Ê±üÂåóÂõΩÈôÖÊú∫Âú∫	‰∏äÊµ∑	ËôπÊ°•ÂõΩÈôÖÊú∫Âú∫	2020-07-27 06:30:00	2020-07-27 08:50:00	100%	650	Êó†"
"MU56802020-07-28 06:30:00	‰∏úÊñπËà™Á©∫	MU5680	ÈáçÂ∫Ü	Ê±üÂåóÂõΩÈôÖÊú∫Âú∫	‰∏äÊµ∑	ËôπÊ°•ÂõΩÈôÖÊú∫Âú∫	2020-07-28 06:30:00	2020-07-28 08:50:00	100.00%	430	Êó†"
"MU56802020-07-29 06:30:00	‰∏úÊñπËà™Á©∫	MU5680	ÈáçÂ∫Ü	Ê±üÂåóÂõΩÈôÖÊú∫Âú∫	‰∏äÊµ∑	ËôπÊ°•ÂõΩÈôÖÊú∫Âú∫	2020-07-29 06:30:00	2020-07-29 08:50:00	100.00%	430	Êó†"
"MU94222020-07-23 11:55:00	‰∏úÊñπËà™Á©∫	MU9422	ÈáçÂ∫Ü	Ê±üÂåóÂõΩÈôÖÊú∫Âú∫	‰∏äÊµ∑	ËôπÊ°•ÂõΩÈôÖÊú∫Âú∫	2020-07-23 11:55:00	2020-07-23 14:25:00	77%	950	5610"
"MU94222020-07-24 11:55:00	‰∏úÊñπËà™Á©∫	MU9422	ÈáçÂ∫Ü	Ê±üÂåóÂõΩÈôÖÊú∫Âú∫	‰∏äÊµ∑	ËôπÊ°•ÂõΩÈôÖÊú∫Âú∫	2020-07-24 11:55:00	2020-07-24 14:25:00	77%	950	5610"
"MU94222020-07-25 11:55:00	‰∏úÊñπËà™Á©∫	MU9422	ÈáçÂ∫Ü	Ê±üÂåóÂõΩÈôÖÊú∫Âú∫	‰∏äÊµ∑	ËôπÊ°•ÂõΩÈôÖÊú∫Âú∫	2020-07-25 11:55:00	2020-07-25 14:25:00	77%	820	Êó†"
"MU94222020-07-26 11:55:00	‰∏úÊñπËà™Á©∫	MU9422	ÈáçÂ∫Ü	Ê±üÂåóÂõΩÈôÖÊú∫Âú∫	‰∏äÊµ∑	ËôπÊ°•ÂõΩÈôÖÊú∫Âú∫	2020-07-26 11:55:00	2020-07-26 14:25:00	77%	920	Êó†"
"MU94222020-07-27 11:55:00	‰∏úÊñπËà™Á©∫	MU9422	ÈáçÂ∫Ü	Ê±üÂåóÂõΩÈôÖÊú∫Âú∫	‰∏äÊµ∑	ËôπÊ°•ÂõΩÈôÖÊú∫Âú∫	2020-07-27 11:55:00	2020-07-27 14:25:00	77%	650	5610"
"MU94222020-07-28 11:55:00	‰∏úÊñπËà™Á©∫	MU9422	ÈáçÂ∫Ü	Ê±üÂåóÂõΩÈôÖÊú∫Âú∫	‰∏äÊµ∑	ËôπÊ°•ÂõΩÈôÖÊú∫Âú∫	2020-07-28 11:55:00	2020-07-28 14:25:00	76.67%	530	Êó†"
"MU94222020-07-29 11:55:00	‰∏úÊñπËà™Á©∫	MU9422	ÈáçÂ∫Ü	Ê±üÂåóÂõΩÈôÖÊú∫Âú∫	‰∏äÊµ∑	ËôπÊ°•ÂõΩÈôÖÊú∫Âú∫	2020-07-29 11:55:00	2020-07-29 14:25:00	76.67%	530	Êó†"
"MU94222020-07-30 11:55:00	‰∏úÊñπËà™Á©∫	MU9422	ÈáçÂ∫Ü	Ê±üÂåóÂõΩÈôÖÊú∫Âú∫	‰∏äÊµ∑	ËôπÊ°•ÂõΩÈôÖÊú∫Âú∫	2020-07-30 11:55:00	2020-07-30 14:25:00	77%	1100	5610"
"MU94242020-07-23 20:25:00	‰∏úÊñπËà™Á©∫	MU9424	ÈáçÂ∫Ü	Ê±üÂåóÂõΩÈôÖÊú∫Âú∫	‰∏äÊµ∑	ËôπÊ°•ÂõΩÈôÖÊú∫Âú∫	2020-07-23 20:25:00	2020-07-23 22:45:00	72%	800	Êó†"
"MU94242020-07-24 20:25:00	‰∏úÊñπËà™Á©∫	MU9424	ÈáçÂ∫Ü	Ê±üÂåóÂõΩÈôÖÊú∫Âú∫	‰∏äÊµ∑	ËôπÊ°•ÂõΩÈôÖÊú∫Âú∫	2020-07-24 20:25:00	2020-07-24 22:45:00	72%	800	Êó†"
"MU94242020-07-25 20:25:00	‰∏úÊñπËà™Á©∫	MU9424	ÈáçÂ∫Ü	Ê±üÂåóÂõΩÈôÖÊú∫Âú∫	‰∏äÊµ∑	ËôπÊ°•ÂõΩÈôÖÊú∫Âú∫	2020-07-25 20:25:00	2020-07-25 22:45:00	72%	460	Êó†"
"MU94242020-07-26 20:25:00	‰∏úÊñπËà™Á©∫	MU9424	ÈáçÂ∫Ü	Ê±üÂåóÂõΩÈôÖÊú∫Âú∫	‰∏äÊµ∑	ËôπÊ°•ÂõΩÈôÖÊú∫Âú∫	2020-07-26 20:25:00	2020-07-26 22:45:00	72%	1760	Êó†"
"MU94242020-07-27 20:25:00	‰∏úÊñπËà™Á©∫	MU9424	ÈáçÂ∫Ü	Ê±üÂåóÂõΩÈôÖÊú∫Âú∫	‰∏äÊµ∑	ËôπÊ°•ÂõΩÈôÖÊú∫Âú∫	2020-07-27 20:25:00	2020-07-27 22:45:00	72%	460	Êó†"
"MU94242020-07-28 20:25:00	‰∏úÊñπËà™Á©∫	MU9424	ÈáçÂ∫Ü	Ê±üÂåóÂõΩÈôÖÊú∫Âú∫	‰∏äÊµ∑	ËôπÊ°•ÂõΩÈôÖÊú∫Âú∫	2020-07-28 20:25:00	2020-07-28 22:45:00	72.41%	460	Êó†"
"MU94242020-07-29 20:25:00	‰∏úÊñπËà™Á©∫	MU9424	ÈáçÂ∫Ü	Ê±üÂåóÂõΩÈôÖÊú∫Âú∫	‰∏äÊµ∑	ËôπÊ°•ÂõΩÈôÖÊú∫Âú∫	2020-07-29 20:25:00	2020-07-29 22:45:00	72.41%	460	Êó†"
"MU94242020-07-30 20:25:00	‰∏úÊñπËà™Á©∫	MU9424	ÈáçÂ∫Ü	Ê±üÂåóÂõΩÈôÖÊú∫Âú∫	‰∏äÊµ∑	ËôπÊ°•ÂõΩÈôÖÊú∫Âú∫	2020-07-30 20:25:00	2020-07-30 22:45:00	72%	650	Êó†"
"MU94322020-07-23 15:20:00	‰∏úÊñπËà™Á©∫	MU9432	ÈáçÂ∫Ü	Ê±üÂåóÂõΩÈôÖÊú∫Âú∫	‰∏äÊµ∑	ËôπÊ°•ÂõΩÈôÖÊú∫Âú∫	2020-07-23 15:20:00	2020-07-23 18:00:00	73.33%	950	Êó†"
"MU94322020-07-24 15:20:00	‰∏úÊñπËà™Á©∫	MU9432	ÈáçÂ∫Ü	Ê±üÂåóÂõΩÈôÖÊú∫Âú∫	‰∏äÊµ∑	ËôπÊ°•ÂõΩÈôÖÊú∫Âú∫	2020-07-24 15:20:00	2020-07-24 18:00:00	73.33%	950	Êó†"
"MU94322020-07-25 15:20:00	‰∏úÊñπËà™Á©∫	MU9432	ÈáçÂ∫Ü	Ê±üÂåóÂõΩÈôÖÊú∫Âú∫	‰∏äÊµ∑	ËôπÊ°•ÂõΩÈôÖÊú∫Âú∫	2020-07-25 15:20:00	2020-07-25 18:00:00	73.33%	650	Êó†"
"MU94322020-07-26 15:20:00	‰∏úÊñπËà™Á©∫	MU9432	ÈáçÂ∫Ü	Ê±üÂåóÂõΩÈôÖÊú∫Âú∫	‰∏äÊµ∑	ËôπÊ°•ÂõΩÈôÖÊú∫Âú∫	2020-07-26 15:20:00	2020-07-26 18:00:00	73.33%	2430	Êó†"
"MU94322020-07-27 15:20:00	‰∏úÊñπËà™Á©∫	MU9432	ÈáçÂ∫Ü	Ê±üÂåóÂõΩÈôÖÊú∫Âú∫	‰∏äÊµ∑	ËôπÊ°•ÂõΩÈôÖÊú∫Âú∫	2020-07-27 15:20:00	2020-07-27 18:00:00	73.33%	650	Êó†"
"MU94322020-07-28 15:20:00	‰∏úÊñπËà™Á©∫	MU9432	ÈáçÂ∫Ü	Ê±üÂåóÂõΩÈôÖÊú∫Âú∫	‰∏äÊµ∑	ËôπÊ°•ÂõΩÈôÖÊú∫Âú∫	2020-07-28 15:20:00	2020-07-28 18:00:00	73.33%	650	Êó†"
"MU94322020-07-29 15:20:00	‰∏úÊñπËà™Á©∫	MU9432	ÈáçÂ∫Ü	Ê±üÂåóÂõΩÈôÖÊú∫Âú∫	‰∏äÊµ∑	ËôπÊ°•ÂõΩÈôÖÊú∫Âú∫	2020-07-29 15:20:00	2020-07-29 18:00:00	73.33%	650	Êó†"
"MU94322020-07-30 15:20:00	‰∏úÊñπËà™Á©∫	MU9432	ÈáçÂ∫Ü	Ê±üÂåóÂõΩÈôÖÊú∫Âú∫	‰∏äÊµ∑	ËôπÊ°•ÂõΩÈôÖÊú∫Âú∫	2020-07-30 15:20:00	2020-07-30 18:00:00	73.33%	820	Êó†"
"MU99582020-07-23 21:25:00	‰∏úÊñπËà™Á©∫	MU9958	ÈáçÂ∫Ü	Ê±üÂåóÂõΩÈôÖÊú∫Âú∫	‰∏äÊµ∑	ËôπÊ°•ÂõΩÈôÖÊú∫Âú∫	2020-07-23 21:25:00	2020-07-23 23:50:00	69%	750	Êó†"
"MU99582020-07-24 21:20:00	‰∏úÊñπËà™Á©∫	MU9958	ÈáçÂ∫Ü	Ê±üÂåóÂõΩÈôÖÊú∫Âú∫	‰∏äÊµ∑	ËôπÊ°•ÂõΩÈôÖÊú∫Âú∫	2020-07-24 21:20:00	2020-07-24 23:50:00	69%	750	Êó†"
"MU99582020-07-25 21:25:00	‰∏úÊñπËà™Á©∫	MU9958	ÈáçÂ∫Ü	Ê±üÂåóÂõΩÈôÖÊú∫Âú∫	‰∏äÊµ∑	ËôπÊ°•ÂõΩÈôÖÊú∫Âú∫	2020-07-25 21:25:00	2020-07-25 23:50:00	69%	650	Êó†"
"MU99582020-07-26 21:20:00	‰∏úÊñπËà™Á©∫	MU9958	ÈáçÂ∫Ü	Ê±üÂåóÂõΩÈôÖÊú∫Âú∫	‰∏äÊµ∑	ËôπÊ°•ÂõΩÈôÖÊú∫Âú∫	2020-07-26 21:20:00	2020-07-26 23:50:00	69%	1760	Êó†"
"MU99582020-07-27 21:20:00	‰∏úÊñπËà™Á©∫	MU9958	ÈáçÂ∫Ü	Ê±üÂåóÂõΩÈôÖÊú∫Âú∫	‰∏äÊµ∑	ËôπÊ°•ÂõΩÈôÖÊú∫Âú∫	2020-07-27 21:20:00	2020-07-27 23:50:00	69%	430	Êó†"
"MU99582020-07-28 21:25:00	‰∏úÊñπËà™Á©∫	MU9958	ÈáçÂ∫Ü	Ê±üÂåóÂõΩÈôÖÊú∫Âú∫	‰∏äÊµ∑	ËôπÊ°•ÂõΩÈôÖÊú∫Âú∫	2020-07-28 21:25:00	2020-07-28 23:50:00	68.97%	430	Êó†"
"MU99582020-07-29 21:20:00	‰∏úÊñπËà™Á©∫	MU9958	ÈáçÂ∫Ü	Ê±üÂåóÂõΩÈôÖÊú∫Âú∫	‰∏äÊµ∑	ËôπÊ°•ÂõΩÈôÖÊú∫Âú∫	2020-07-29 21:20:00	2020-07-29 23:50:00	68.97%	430	Êó†"
"MU99582020-07-30 21:25:00	‰∏úÊñπËà™Á©∫	MU9958	ÈáçÂ∫Ü	Ê±üÂåóÂõΩÈôÖÊú∫Âú∫	‰∏äÊµ∑	ËôπÊ°•ÂõΩÈôÖÊú∫Âú∫	2020-07-30 21:25:00	2020-07-30 23:50:00	69%	700	Êó†"
"PN63732020-07-23 14:35:00	Ë•øÈÉ®Ëà™Á©∫	PN6373	ÈáçÂ∫Ü	Ê±üÂåóÂõΩÈôÖÊú∫Âú∫	‰∏äÊµ∑	Êµ¶‰∏úÂõΩÈôÖÊú∫Âú∫	2020-07-23 14:35:00	2020-07-23 17:10:00	80%	694	Êó†"
"PN63732020-07-24 14:35:00	Ë•øÈÉ®Ëà™Á©∫	PN6373	ÈáçÂ∫Ü	Ê±üÂåóÂõΩÈôÖÊú∫Âú∫	‰∏äÊµ∑	Êµ¶‰∏úÂõΩÈôÖÊú∫Âú∫	2020-07-24 14:35:00	2020-07-24 17:10:00	80%	614	Êó†"
"PN63732020-07-25 14:35:00	Ë•øÈÉ®Ëà™Á©∫	PN6373	ÈáçÂ∫Ü	Ê±üÂåóÂõΩÈôÖÊú∫Âú∫	‰∏äÊµ∑	Êµ¶‰∏úÂõΩÈôÖÊú∫Âú∫	2020-07-25 14:35:00	2020-07-25 17:10:00	80%	508	Êó†"
"PN63732020-07-26 14:35:00	Ë•øÈÉ®Ëà™Á©∫	PN6373	ÈáçÂ∫Ü	Ê±üÂåóÂõΩÈôÖÊú∫Âú∫	‰∏äÊµ∑	Êµ¶‰∏úÂõΩÈôÖÊú∫Âú∫	2020-07-26 14:35:00	2020-07-26 17:10:00	80%	693	Êó†"
"PN63732020-07-27 14:35:00	Ë•øÈÉ®Ëà™Á©∫	PN6373	ÈáçÂ∫Ü	Ê±üÂåóÂõΩÈôÖÊú∫Âú∫	‰∏äÊµ∑	Êµ¶‰∏úÂõΩÈôÖÊú∫Âú∫	2020-07-27 14:35:00	2020-07-27 17:10:00	80%	434	Êó†"
"PN63732020-07-28 14:35:00	Ë•øÈÉ®Ëà™Á©∫	PN6373	ÈáçÂ∫Ü	Ê±üÂåóÂõΩÈôÖÊú∫Âú∫	‰∏äÊµ∑	Êµ¶‰∏úÂõΩÈôÖÊú∫Âú∫	2020-07-28 14:35:00	2020-07-28 17:10:00	80%	434	Êó†"
"PN63732020-07-29 14:35:00	Ë•øÈÉ®Ëà™Á©∫	PN6373	ÈáçÂ∫Ü	Ê±üÂåóÂõΩÈôÖÊú∫Âú∫	‰∏äÊµ∑	Êµ¶‰∏úÂõΩÈôÖÊú∫Âú∫	2020-07-29 14:35:00	2020-07-29 17:10:00	80%	438	Êó†"
"PN63732020-07-30 14:35:00	Ë•øÈÉ®Ëà™Á©∫	PN6373	ÈáçÂ∫Ü	Ê±üÂåóÂõΩÈôÖÊú∫Âú∫	‰∏äÊµ∑	Êµ¶‰∏úÂõΩÈôÖÊú∫Âú∫	2020-07-30 14:35:00	2020-07-30 17:10:00	80%	440	Êó†"
"PN64372020-07-23 08:55:00	Ë•øÈÉ®Ëà™Á©∫	PN6437	ÈáçÂ∫Ü	Ê±üÂåóÂõΩÈôÖÊú∫Âú∫	‰∏äÊµ∑	Êµ¶‰∏úÂõΩÈôÖÊú∫Âú∫	2020-07-23 08:55:00	2020-07-23 11:35:00	73%	504	Êó†"
"PN64372020-07-24 09:05:00	Ë•øÈÉ®Ëà™Á©∫	PN6437	ÈáçÂ∫Ü	Ê±üÂåóÂõΩÈôÖÊú∫Âú∫	‰∏äÊµ∑	Êµ¶‰∏úÂõΩÈôÖÊú∫Âú∫	2020-07-24 09:05:00	2020-07-24 11:35:00	73%	510	Êó†"
"PN64372020-07-25 08:55:00	Ë•øÈÉ®Ëà™Á©∫	PN6437	ÈáçÂ∫Ü	Ê±üÂåóÂõΩÈôÖÊú∫Âú∫	‰∏äÊµ∑	Êµ¶‰∏úÂõΩÈôÖÊú∫Âú∫	2020-07-25 08:55:00	2020-07-25 11:35:00	73%	434	Êó†"
"PN64372020-07-26 09:05:00	Ë•øÈÉ®Ëà™Á©∫	PN6437	ÈáçÂ∫Ü	Ê±üÂåóÂõΩÈôÖÊú∫Âú∫	‰∏äÊµ∑	Êµ¶‰∏úÂõΩÈôÖÊú∫Âú∫	2020-07-26 09:05:00	2020-07-26 11:35:00	73%	508	Êó†"
"PN64372020-07-27 09:05:00	Ë•øÈÉ®Ëà™Á©∫	PN6437	ÈáçÂ∫Ü	Ê±üÂåóÂõΩÈôÖÊú∫Âú∫	‰∏äÊµ∑	Êµ¶‰∏úÂõΩÈôÖÊú∫Âú∫	2020-07-27 09:05:00	2020-07-27 11:35:00	73%	434	Êó†"
"PN64372020-07-28 08:55:00	Ë•øÈÉ®Ëà™Á©∫	PN6437	ÈáçÂ∫Ü	Ê±üÂåóÂõΩÈôÖÊú∫Âú∫	‰∏äÊµ∑	Êµ¶‰∏úÂõΩÈôÖÊú∫Âú∫	2020-07-28 08:55:00	2020-07-28 11:35:00	73%	434	Êó†"
"PN64372020-07-29 09:05:00	Ë•øÈÉ®Ëà™Á©∫	PN6437	ÈáçÂ∫Ü	Ê±üÂåóÂõΩÈôÖÊú∫Âú∫	‰∏äÊµ∑	Êµ¶‰∏úÂõΩÈôÖÊú∫Âú∫	2020-07-29 09:05:00	2020-07-29 11:35:00	73%	438	Êó†"
"PN64372020-07-30 08:55:00	Ë•øÈÉ®Ëà™Á©∫	PN6437	ÈáçÂ∫Ü	Ê±üÂåóÂõΩÈôÖÊú∫Âú∫	‰∏äÊµ∑	Êµ¶‰∏úÂõΩÈôÖÊú∫Âú∫	2020-07-30 08:55:00	2020-07-30 11:35:00	73%	440	Êó†"
"SC45412020-07-23 17:40:00	Â±±‰∏úËà™Á©∫	SC4541	ÈáçÂ∫Ü	Ê±üÂåóÂõΩÈôÖÊú∫Âú∫	‰∏äÊµ∑	ËôπÊ°•ÂõΩÈôÖÊú∫Âú∫	2020-07-23 17:40:00	2020-07-23 20:05:00	83%	1290	Êó†"
"SC45412020-07-24 17:40:00	Â±±‰∏úËà™Á©∫	SC4541	ÈáçÂ∫Ü	Ê±üÂåóÂõΩÈôÖÊú∫Âú∫	‰∏äÊµ∑	ËôπÊ°•ÂõΩÈôÖÊú∫Âú∫	2020-07-24 17:40:00	2020-07-24 20:05:00	83%	1290	Êó†"
"SC45412020-07-25 17:40:00	Â±±‰∏úËà™Á©∫	SC4541	ÈáçÂ∫Ü	Ê±üÂåóÂõΩÈôÖÊú∫Âú∫	‰∏äÊµ∑	ËôπÊ°•ÂõΩÈôÖÊú∫Âú∫	2020-07-25 17:40:00	2020-07-25 20:05:00	83%	920	Êó†"
"SC45412020-07-26 17:40:00	Â±±‰∏úËà™Á©∫	SC4541	ÈáçÂ∫Ü	Ê±üÂåóÂõΩÈôÖÊú∫Âú∫	‰∏äÊµ∑	ËôπÊ°•ÂõΩÈôÖÊú∫Âú∫	2020-07-26 17:40:00	2020-07-26 20:05:00	83%	1870	Êó†"
"SC45412020-07-27 17:40:00	Â±±‰∏úËà™Á©∫	SC4541	ÈáçÂ∫Ü	Ê±üÂåóÂõΩÈôÖÊú∫Âú∫	‰∏äÊµ∑	ËôπÊ°•ÂõΩÈôÖÊú∫Âú∫	2020-07-27 17:40:00	2020-07-27 20:05:00	83%	920	Êó†"
"SC45412020-07-28 17:40:00	Â±±‰∏úËà™Á©∫	SC4541	ÈáçÂ∫Ü	Ê±üÂåóÂõΩÈôÖÊú∫Âú∫	‰∏äÊµ∑	ËôπÊ°•ÂõΩÈôÖÊú∫Âú∫	2020-07-28 17:40:00	2020-07-28 20:05:00	83.33%	920	Êó†"
"SC45412020-07-29 17:40:00	Â±±‰∏úËà™Á©∫	SC4541	ÈáçÂ∫Ü	Ê±üÂåóÂõΩÈôÖÊú∫Âú∫	‰∏äÊµ∑	ËôπÊ°•ÂõΩÈôÖÊú∫Âú∫	2020-07-29 17:40:00	2020-07-29 20:05:00	83.33%	920	Êó†"
"SC45412020-07-30 17:40:00	Â±±‰∏úËà™Á©∫	SC4541	ÈáçÂ∫Ü	Ê±üÂåóÂõΩÈôÖÊú∫Âú∫	‰∏äÊµ∑	ËôπÊ°•ÂõΩÈôÖÊú∫Âú∫	2020-07-30 17:40:00	2020-07-30 20:05:00	83%	1010	Êó†"
"SC45432020-07-23 08:00:00	Â±±‰∏úËà™Á©∫	SC4543	ÈáçÂ∫Ü	Ê±üÂåóÂõΩÈôÖÊú∫Âú∫	‰∏äÊµ∑	ËôπÊ°•ÂõΩÈôÖÊú∫Âú∫	2020-07-23 08:00:00	2020-07-23 10:30:00	90%	1010	Êó†"
"SC45432020-07-24 07:55:00	Â±±‰∏úËà™Á©∫	SC4543	ÈáçÂ∫Ü	Ê±üÂåóÂõΩÈôÖÊú∫Âú∫	‰∏äÊµ∑	ËôπÊ°•ÂõΩÈôÖÊú∫Âú∫	2020-07-24 07:55:00	2020-07-24 10:30:00	90%	1010	Êó†"
"SC45432020-07-25 08:00:00	Â±±‰∏úËà™Á©∫	SC4543	ÈáçÂ∫Ü	Ê±üÂåóÂõΩÈôÖÊú∫Âú∫	‰∏äÊµ∑	ËôπÊ°•ÂõΩÈôÖÊú∫Âú∫	2020-07-25 08:00:00	2020-07-25 10:30:00	90%	920	Êó†"
"SC45432020-07-26 08:00:00	Â±±‰∏úËà™Á©∫	SC4543	ÈáçÂ∫Ü	Ê±üÂåóÂõΩÈôÖÊú∫Âú∫	‰∏äÊµ∑	ËôπÊ°•ÂõΩÈôÖÊú∫Âú∫	2020-07-26 08:00:00	2020-07-26 10:30:00	90%	920	Êó†"
"SC45432020-07-27 08:00:00	Â±±‰∏úËà™Á©∫	SC4543	ÈáçÂ∫Ü	Ê±üÂåóÂõΩÈôÖÊú∫Âú∫	‰∏äÊµ∑	ËôπÊ°•ÂõΩÈôÖÊú∫Âú∫	2020-07-27 08:00:00	2020-07-27 10:30:00	90%	1010	Êó†"
"SC45432020-07-28 08:00:00	Â±±‰∏úËà™Á©∫	SC4543	ÈáçÂ∫Ü	Ê±üÂåóÂõΩÈôÖÊú∫Âú∫	‰∏äÊµ∑	ËôπÊ°•ÂõΩÈôÖÊú∫Âú∫	2020-07-28 08:00:00	2020-07-28 10:30:00	90.00%	920	Êó†"
"SC45432020-07-29 08:00:00	Â±±‰∏úËà™Á©∫	SC4543	ÈáçÂ∫Ü	Ê±üÂåóÂõΩÈôÖÊú∫Âú∫	‰∏äÊµ∑	ËôπÊ°•ÂõΩÈôÖÊú∫Âú∫	2020-07-29 08:00:00	2020-07-29 10:30:00	90.00%	920	Êó†"
"SC45432020-07-30 08:00:00	Â±±‰∏úËà™Á©∫	SC4543	ÈáçÂ∫Ü	Ê±üÂåóÂõΩÈôÖÊú∫Âú∫	‰∏äÊµ∑	ËôπÊ°•ÂõΩÈôÖÊú∫Âú∫	2020-07-30 08:00:00	2020-07-30 10:30:00	90%	1010	Êó†"
"SC45552020-07-23 16:25:00	Â±±‰∏úËà™Á©∫	SC4555	ÈáçÂ∫Ü	Ê±üÂåóÂõΩÈôÖÊú∫Âú∫	‰∏äÊµ∑	Êµ¶‰∏úÂõΩÈôÖÊú∫Âú∫	2020-07-23 16:25:00	2020-07-23 18:50:00	73%	1010	Êó†"
"SC45552020-07-24 16:25:00	Â±±‰∏úËà™Á©∫	SC4555	ÈáçÂ∫Ü	Ê±üÂåóÂõΩÈôÖÊú∫Âú∫	‰∏äÊµ∑	Êµ¶‰∏úÂõΩÈôÖÊú∫Âú∫	2020-07-24 16:25:00	2020-07-24 18:50:00	73%	1010	Êó†"
"SC45552020-07-25 16:25:00	Â±±‰∏úËà™Á©∫	SC4555	ÈáçÂ∫Ü	Ê±üÂåóÂõΩÈôÖÊú∫Âú∫	‰∏äÊµ∑	Êµ¶‰∏úÂõΩÈôÖÊú∫Âú∫	2020-07-25 16:25:00	2020-07-25 18:50:00	73%	920	Êó†"
"SC45552020-07-26 16:25:00	Â±±‰∏úËà™Á©∫	SC4555	ÈáçÂ∫Ü	Ê±üÂåóÂõΩÈôÖÊú∫Âú∫	‰∏äÊµ∑	Êµ¶‰∏úÂõΩÈôÖÊú∫Âú∫	2020-07-26 16:25:00	2020-07-26 18:50:00	73%	1290	Êó†"
"SC45552020-07-27 16:25:00	Â±±‰∏úËà™Á©∫	SC4555	ÈáçÂ∫Ü	Ê±üÂåóÂõΩÈôÖÊú∫Âú∫	‰∏äÊµ∑	Êµ¶‰∏úÂõΩÈôÖÊú∫Âú∫	2020-07-27 16:25:00	2020-07-27 18:50:00	73%	920	Êó†"
"SC45552020-07-28 16:25:00	Â±±‰∏úËà™Á©∫	SC4555	ÈáçÂ∫Ü	Ê±üÂåóÂõΩÈôÖÊú∫Âú∫	‰∏äÊµ∑	Êµ¶‰∏úÂõΩÈôÖÊú∫Âú∫	2020-07-28 16:25:00	2020-07-28 18:50:00	73%	920	Êó†"
"SC45552020-07-29 16:25:00	Â±±‰∏úËà™Á©∫	SC4555	ÈáçÂ∫Ü	Ê±üÂåóÂõΩÈôÖÊú∫Âú∫	‰∏äÊµ∑	Êµ¶‰∏úÂõΩÈôÖÊú∫Âú∫	2020-07-29 16:25:00	2020-07-29 18:50:00	73%	920	Êó†"
"SC45552020-07-30 16:25:00	Â±±‰∏úËà™Á©∫	SC4555	ÈáçÂ∫Ü	Ê±üÂåóÂõΩÈôÖÊú∫Âú∫	‰∏äÊµ∑	Êµ¶‰∏úÂõΩÈôÖÊú∫Âú∫	2020-07-30 16:25:00	2020-07-30 18:50:00	73%	1010	Êó†"
"SC47312020-07-23 18:10:00	Â±±‰∏úËà™Á©∫	SC4731	ÈáçÂ∫Ü	Ê±üÂåóÂõΩÈôÖÊú∫Âú∫	‰∏äÊµ∑	ËôπÊ°•ÂõΩÈôÖÊú∫Âú∫	2020-07-23 18:10:00	2020-07-23 20:30:00	77%	890	Êó†"
"SC47312020-07-24 18:10:00	Â±±‰∏úËà™Á©∫	SC4731	ÈáçÂ∫Ü	Ê±üÂåóÂõΩÈôÖÊú∫Âú∫	‰∏äÊµ∑	ËôπÊ°•ÂõΩÈôÖÊú∫Âú∫	2020-07-24 18:10:00	2020-07-24 20:30:00	77%	890	Êó†"
"SC47312020-07-25 18:10:00	Â±±‰∏úËà™Á©∫	SC4731	ÈáçÂ∫Ü	Ê±üÂåóÂõΩÈôÖÊú∫Âú∫	‰∏äÊµ∑	ËôπÊ°•ÂõΩÈôÖÊú∫Âú∫	2020-07-25 18:10:00	2020-07-25 20:30:00	77%	550	Êó†"
"SC47312020-07-26 18:10:00	Â±±‰∏úËà™Á©∫	SC4731	ÈáçÂ∫Ü	Ê±üÂåóÂõΩÈôÖÊú∫Âú∫	‰∏äÊµ∑	ËôπÊ°•ÂõΩÈôÖÊú∫Âú∫	2020-07-26 18:10:00	2020-07-26 20:30:00	77%	1410	Êó†"
"SC47312020-07-27 18:10:00	Â±±‰∏úËà™Á©∫	SC4731	ÈáçÂ∫Ü	Ê±üÂåóÂõΩÈôÖÊú∫Âú∫	‰∏äÊµ∑	ËôπÊ°•ÂõΩÈôÖÊú∫Âú∫	2020-07-27 18:10:00	2020-07-27 20:30:00	77%	480	Êó†"
"SC47312020-07-28 18:10:00	Â±±‰∏úËà™Á©∫	SC4731	ÈáçÂ∫Ü	Ê±üÂåóÂõΩÈôÖÊú∫Âú∫	‰∏äÊµ∑	ËôπÊ°•ÂõΩÈôÖÊú∫Âú∫	2020-07-28 18:10:00	2020-07-28 20:30:00	76.67%	480	Êó†"
"SC47312020-07-29 18:10:00	Â±±‰∏úËà™Á©∫	SC4731	ÈáçÂ∫Ü	Ê±üÂåóÂõΩÈôÖÊú∫Âú∫	‰∏äÊµ∑	ËôπÊ°•ÂõΩÈôÖÊú∫Âú∫	2020-07-29 18:10:00	2020-07-29 20:30:00	76.67%	480	Êó†"
"SC47312020-07-30 18:10:00	Â±±‰∏úËà™Á©∫	SC4731	ÈáçÂ∫Ü	Ê±üÂåóÂõΩÈôÖÊú∫Âú∫	‰∏äÊµ∑	ËôπÊ°•ÂõΩÈôÖÊú∫Âú∫	2020-07-30 18:10:00	2020-07-30 20:30:00	77%	610	Êó†"
"SC49492020-07-23 07:00:00	Â±±‰∏úËà™Á©∫	SC4949	ÈáçÂ∫Ü	Ê±üÂåóÂõΩÈôÖÊú∫Âú∫	‰∏äÊµ∑	ËôπÊ°•ÂõΩÈôÖÊú∫Âú∫	2020-07-23 07:00:00	2020-07-23 09:25:00	100%	700	Êó†"
"SC49492020-07-24 07:00:00	Â±±‰∏úËà™Á©∫	SC4949	ÈáçÂ∫Ü	Ê±üÂåóÂõΩÈôÖÊú∫Âú∫	‰∏äÊµ∑	ËôπÊ°•ÂõΩÈôÖÊú∫Âú∫	2020-07-24 07:00:00	2020-07-24 09:25:00	100%	700	Êó†"
"SC49492020-07-25 07:00:00	Â±±‰∏úËà™Á©∫	SC4949	ÈáçÂ∫Ü	Ê±üÂåóÂõΩÈôÖÊú∫Âú∫	‰∏äÊµ∑	ËôπÊ°•ÂõΩÈôÖÊú∫Âú∫	2020-07-25 07:00:00	2020-07-25 09:25:00	100%	480	Êó†"
"SC49492020-07-26 07:00:00	Â±±‰∏úËà™Á©∫	SC4949	ÈáçÂ∫Ü	Ê±üÂåóÂõΩÈôÖÊú∫Âú∫	‰∏äÊµ∑	ËôπÊ°•ÂõΩÈôÖÊú∫Âú∫	2020-07-26 07:00:00	2020-07-26 09:25:00	100%	480	Êó†"
"SC49492020-07-27 07:00:00	Â±±‰∏úËà™Á©∫	SC4949	ÈáçÂ∫Ü	Ê±üÂåóÂõΩÈôÖÊú∫Âú∫	‰∏äÊµ∑	ËôπÊ°•ÂõΩÈôÖÊú∫Âú∫	2020-07-27 07:00:00	2020-07-27 09:25:00	100%	480	Êó†"
"SC49492020-07-28 07:00:00	Â±±‰∏úËà™Á©∫	SC4949	ÈáçÂ∫Ü	Ê±üÂåóÂõΩÈôÖÊú∫Âú∫	‰∏äÊµ∑	ËôπÊ°•ÂõΩÈôÖÊú∫Âú∫	2020-07-28 07:00:00	2020-07-28 09:25:00	100.00%	450	Êó†"
"SC49492020-07-29 07:00:00	Â±±‰∏úËà™Á©∫	SC4949	ÈáçÂ∫Ü	Ê±üÂåóÂõΩÈôÖÊú∫Âú∫	‰∏äÊµ∑	ËôπÊ°•ÂõΩÈôÖÊú∫Âú∫	2020-07-29 07:00:00	2020-07-29 09:25:00	100.00%	450	Êó†"
"SC49492020-07-30 07:00:00	Â±±‰∏úËà™Á©∫	SC4949	ÈáçÂ∫Ü	Ê±üÂåóÂõΩÈôÖÊú∫Âú∫	‰∏äÊµ∑	ËôπÊ°•ÂõΩÈôÖÊú∫Âú∫	2020-07-30 07:00:00	2020-07-30 09:25:00	100%	480	Êó†"
"TV67892020-07-23 18:10:00	Ë•øËóèËà™Á©∫	TV6789	ÈáçÂ∫Ü	Ê±üÂåóÂõΩÈôÖÊú∫Âú∫	‰∏äÊµ∑	ËôπÊ°•ÂõΩÈôÖÊú∫Âú∫	2020-07-23 18:10:00	2020-07-23 20:30:00	77%	1030	Êó†"
"TV67892020-07-24 18:10:00	Ë•øËóèËà™Á©∫	TV6789	ÈáçÂ∫Ü	Ê±üÂåóÂõΩÈôÖÊú∫Âú∫	‰∏äÊµ∑	ËôπÊ°•ÂõΩÈôÖÊú∫Âú∫	2020-07-24 18:10:00	2020-07-24 20:30:00	77%	1030	Êó†"
"TV67892020-07-25 18:10:00	Ë•øËóèËà™Á©∫	TV6789	ÈáçÂ∫Ü	Ê±üÂåóÂõΩÈôÖÊú∫Âú∫	‰∏äÊµ∑	ËôπÊ°•ÂõΩÈôÖÊú∫Âú∫	2020-07-25 18:10:00	2020-07-25 20:30:00	77%	1030	Êó†"
"TV67892020-07-26 18:10:00	Ë•øËóèËà™Á©∫	TV6789	ÈáçÂ∫Ü	Ê±üÂåóÂõΩÈôÖÊú∫Âú∫	‰∏äÊµ∑	ËôπÊ°•ÂõΩÈôÖÊú∫Âú∫	2020-07-26 18:10:00	2020-07-26 20:30:00	77%	1590	Êó†"
"TV67892020-07-27 18:10:00	Ë•øËóèËà™Á©∫	TV6789	ÈáçÂ∫Ü	Ê±üÂåóÂõΩÈôÖÊú∫Âú∫	‰∏äÊµ∑	ËôπÊ°•ÂõΩÈôÖÊú∫Âú∫	2020-07-27 18:10:00	2020-07-27 20:30:00	77%	1030	Êó†"
"TV67892020-07-28 18:10:00	Ë•øËóèËà™Á©∫	TV6789	ÈáçÂ∫Ü	Ê±üÂåóÂõΩÈôÖÊú∫Âú∫	‰∏äÊµ∑	ËôπÊ°•ÂõΩÈôÖÊú∫Âú∫	2020-07-28 18:10:00	2020-07-28 20:30:00	76.67%	1030	Êó†"
"TV67892020-07-29 18:10:00	Ë•øËóèËà™Á©∫	TV6789	ÈáçÂ∫Ü	Ê±üÂåóÂõΩÈôÖÊú∫Âú∫	‰∏äÊµ∑	ËôπÊ°•ÂõΩÈôÖÊú∫Âú∫	2020-07-29 18:10:00	2020-07-29 20:30:00	76.67%	1030	Êó†"
"TV67892020-07-30 18:10:00	Ë•øËóèËà™Á©∫	TV6789	ÈáçÂ∫Ü	Ê±üÂåóÂõΩÈôÖÊú∫Âú∫	‰∏äÊµ∑	ËôπÊ°•ÂõΩÈôÖÊú∫Âú∫	2020-07-30 18:10:00	2020-07-30 20:30:00	77%	1220	Êó†"
"TV68132020-07-23 07:00:00	Ë•øËóèËà™Á©∫	TV6813	ÈáçÂ∫Ü	Ê±üÂåóÂõΩÈôÖÊú∫Âú∫	‰∏äÊµ∑	ËôπÊ°•ÂõΩÈôÖÊú∫Âú∫	2020-07-23 07:00:00	2020-07-23 09:25:00	100%	1030	Êó†"
"TV68132020-07-24 07:00:00	Ë•øËóèËà™Á©∫	TV6813	ÈáçÂ∫Ü	Ê±üÂåóÂõΩÈôÖÊú∫Âú∫	‰∏äÊµ∑	ËôπÊ°•ÂõΩÈôÖÊú∫Âú∫	2020-07-24 07:00:00	2020-07-24 09:25:00	100%	1030	Êó†"
"TV68132020-07-25 07:00:00	Ë•øËóèËà™Á©∫	TV6813	ÈáçÂ∫Ü	Ê±üÂåóÂõΩÈôÖÊú∫Âú∫	‰∏äÊµ∑	ËôπÊ°•ÂõΩÈôÖÊú∫Âú∫	2020-07-25 07:00:00	2020-07-25 09:25:00	100%	1030	Êó†"
"TV68132020-07-26 07:00:00	Ë•øËóèËà™Á©∫	TV6813	ÈáçÂ∫Ü	Ê±üÂåóÂõΩÈôÖÊú∫Âú∫	‰∏äÊµ∑	ËôπÊ°•ÂõΩÈôÖÊú∫Âú∫	2020-07-26 07:00:00	2020-07-26 09:25:00	100%	1030	Êó†"
"TV68132020-07-27 07:00:00	Ë•øËóèËà™Á©∫	TV6813	ÈáçÂ∫Ü	Ê±üÂåóÂõΩÈôÖÊú∫Âú∫	‰∏äÊµ∑	ËôπÊ°•ÂõΩÈôÖÊú∫Âú∫	2020-07-27 07:00:00	2020-07-27 09:25:00	100%	1030	Êó†"
"TV68132020-07-28 07:00:00	Ë•øËóèËà™Á©∫	TV6813	ÈáçÂ∫Ü	Ê±üÂåóÂõΩÈôÖÊú∫Âú∫	‰∏äÊµ∑	ËôπÊ°•ÂõΩÈôÖÊú∫Âú∫	2020-07-28 07:00:00	2020-07-28 09:25:00	100.00%	1030	Êó†"
"TV68132020-07-29 07:00:00	Ë•øËóèËà™Á©∫	TV6813	ÈáçÂ∫Ü	Ê±üÂåóÂõΩÈôÖÊú∫Âú∫	‰∏äÊµ∑	ËôπÊ°•ÂõΩÈôÖÊú∫Âú∫	2020-07-29 07:00:00	2020-07-29 09:25:00	100.00%	1030	Êó†"
"TV68132020-07-30 07:00:00	Ë•øËóèËà™Á©∫	TV6813	ÈáçÂ∫Ü	Ê±üÂåóÂõΩÈôÖÊú∫Âú∫	‰∏äÊµ∑	ËôπÊ°•ÂõΩÈôÖÊú∫Âú∫	2020-07-30 07:00:00	2020-07-30 09:25:00	100%	1220	Êó†"
"Y874762020-07-23 20:35:00	ÈáëÈπèËà™Á©∫	Y87476	ÈáçÂ∫Ü	Ê±üÂåóÂõΩÈôÖÊú∫Âú∫	‰∏äÊµ∑	Êµ¶‰∏úÂõΩÈôÖÊú∫Âú∫	2020-07-23 20:35:00	2020-07-23 23:15:00	77%	1398	Êó†"
"Y874762020-07-24 20:35:00	ÈáëÈπèËà™Á©∫	Y87476	ÈáçÂ∫Ü	Ê±üÂåóÂõΩÈôÖÊú∫Âú∫	‰∏äÊµ∑	Êµ¶‰∏úÂõΩÈôÖÊú∫Âú∫	2020-07-24 20:35:00	2020-07-24 23:15:00	77%	1398	Êó†"
"Y874762020-07-25 20:35:00	ÈáëÈπèËà™Á©∫	Y87476	ÈáçÂ∫Ü	Ê±üÂåóÂõΩÈôÖÊú∫Âú∫	‰∏äÊµ∑	Êµ¶‰∏úÂõΩÈôÖÊú∫Âú∫	2020-07-25 20:35:00	2020-07-25 23:15:00	77%	1398	Êó†"
"Y874762020-07-26 20:35:00	ÈáëÈπèËà™Á©∫	Y87476	ÈáçÂ∫Ü	Ê±üÂåóÂõΩÈôÖÊú∫Âú∫	‰∏äÊµ∑	Êµ¶‰∏úÂõΩÈôÖÊú∫Âú∫	2020-07-26 20:35:00	2020-07-26 23:15:00	77%	1398	Êó†"
"Y874762020-07-27 20:35:00	ÈáëÈπèËà™Á©∫	Y87476	ÈáçÂ∫Ü	Ê±üÂåóÂõΩÈôÖÊú∫Âú∫	‰∏äÊµ∑	Êµ¶‰∏úÂõΩÈôÖÊú∫Âú∫	2020-07-27 20:35:00	2020-07-27 23:15:00	77%	1398	Êó†"
"Y874762020-07-28 20:35:00	ÈáëÈπèËà™Á©∫	Y87476	ÈáçÂ∫Ü	Ê±üÂåóÂõΩÈôÖÊú∫Âú∫	‰∏äÊµ∑	Êµ¶‰∏úÂõΩÈôÖÊú∫Âú∫	2020-07-28 20:35:00	2020-07-28 23:15:00	77%	1398	Êó†"
"Y874762020-07-29 20:35:00	ÈáëÈπèËà™Á©∫	Y87476	ÈáçÂ∫Ü	Ê±üÂåóÂõΩÈôÖÊú∫Âú∫	‰∏äÊµ∑	Êµ¶‰∏úÂõΩÈôÖÊú∫Âú∫	2020-07-29 20:35:00	2020-07-29 23:15:00	77%	1400	Êó†"
"Y874762020-07-30 20:35:00	ÈáëÈπèËà™Á©∫	Y87476	ÈáçÂ∫Ü	Ê±üÂåóÂõΩÈôÖÊú∫Âú∫	‰∏äÊµ∑	Êµ¶‰∏úÂõΩÈôÖÊú∫Âú∫	2020-07-30 20:35:00	2020-07-30 23:15:00	77%	1550	Êó†"